TimeGenerated,UserId,Operation,ClientIP,Parameters
2025-07-02 04:20:00,user13@contoso.com,SendMessage,10.0.228.182,{}
2025-07-01 14:45:00,user10@contoso.com,CreateItem,10.0.40.238,{}
2025-07-01 11:10:00,user19@contoso.com,SendMessage,10.0.239.49,{}
2025-07-02 07:21:00,user15@contoso.com,CreateItem,10.0.238.240,{}
2025-07-01 12:54:00,user8@contoso.com,SendMessage,10.0.132.186,{}
2025-07-02 07:52:00,user13@contoso.com,SendMessage,10.0.169.166,{}
2025-07-01 09:01:00,user15@contoso.com,CreateItem,10.0.33.243,{}
2025-07-02 00:20:00,user4@contoso.com,CreateItem,10.0.236.87,{}
2025-07-02 04:37:00,user10@contoso.com,CreateItem,10.0.65.52,{}
2025-07-01 11:39:00,user13@contoso.com,DeleteItem,10.0.166.36,{}
2025-07-01 23:44:00,user10@contoso.com,DeleteItem,10.0.205.211,{}
2025-07-01 16:19:00,user8@contoso.com,DeleteItem,10.0.81.246,{}
2025-07-01 19:37:00,user13@contoso.com,SendMessage,10.0.106.220,{}
2025-07-01 19:40:00,user14@contoso.com,DeleteItem,10.0.120.88,{}
2025-07-02 03:35:00,user3@contoso.com,DeleteItem,10.0.249.58,{}
2025-07-01 23:48:00,user19@contoso.com,DeleteItem,10.0.166.49,{}
2025-07-01 18:30:00,user15@contoso.com,SendMessage,10.0.207.35,{}
2025-07-02 07:23:00,user20@contoso.com,SendMessage,10.0.194.167,{}
2025-07-02 06:32:00,user16@contoso.com,DeleteItem,10.0.31.46,{}
2025-07-02 03:49:00,user7@contoso.com,SendMessage,10.0.0.75,{}
2025-07-02 02:08:00,user5@contoso.com,CreateItem,10.0.149.199,{}
2025-07-01 23:15:00,user20@contoso.com,DeleteItem,10.0.100.105,{}
2025-07-02 03:27:00,user11@contoso.com,CreateItem,10.0.155.222,{}
2025-07-02 03:53:00,user12@contoso.com,SendMessage,10.0.4.206,{}
2025-07-01 10:07:00,user5@contoso.com,CreateItem,10.0.189.27,{}
2025-07-02 03:06:00,user1@contoso.com,DeleteItem,10.0.183.56,{}
2025-07-01 16:01:00,user10@contoso.com,SendMessage,10.0.221.201,{}
2025-07-01 21:03:00,sarah.johnson@contoso.com,CreateItem,10.0.207.195,{}
2025-07-01 15:12:00,user14@contoso.com,DeleteItem,10.0.88.243,{}
2025-07-02 02:57:00,user5@contoso.com,SendMessage,10.0.196.184,{}
2025-07-01 17:50:00,user14@contoso.com,SendMessage,10.0.64.68,{}
2025-07-02 06:07:00,user1@contoso.com,SendMessage,10.0.8.73,{}
2025-07-01 22:54:00,user16@contoso.com,DeleteItem,10.0.69.43,{}
2025-07-01 22:11:00,user5@contoso.com,DeleteItem,10.0.233.217,{}
2025-07-01 23:30:00,user20@contoso.com,SendMessage,10.0.217.230,{}
2025-07-01 15:42:00,user13@contoso.com,CreateItem,10.0.95.217,{}
2025-07-02 03:43:00,user20@contoso.com,SendMessage,10.0.255.121,{}
2025-07-01 22:01:00,user17@contoso.com,CreateItem,10.0.187.17,{}
2025-07-02 00:29:00,user2@contoso.com,DeleteItem,10.0.188.57,{}
2025-07-02 07:34:00,user19@contoso.com,CreateItem,10.0.40.72,{}
2025-07-01 23:52:00,user17@contoso.com,CreateItem,10.0.40.45,{}
2025-07-02 05:31:00,user8@contoso.com,CreateItem,10.0.39.159,{}
2025-07-01 19:43:00,user20@contoso.com,SendMessage,10.0.5.240,{}
2025-07-02 00:00:00,user15@contoso.com,DeleteItem,10.0.169.215,{}
2025-07-01 17:52:00,user12@contoso.com,CreateItem,10.0.85.18,{}
2025-07-01 18:22:00,user20@contoso.com,DeleteItem,10.0.133.31,{}
2025-07-02 03:44:00,sarah.johnson@contoso.com,CreateItem,10.0.86.26,{}
2025-07-02 05:18:00,user10@contoso.com,DeleteItem,10.0.13.146,{}
2025-07-01 12:19:00,user16@contoso.com,SendMessage,10.0.39.142,{}
2025-07-02 05:01:00,user9@contoso.com,SendMessage,10.0.143.140,{}
2025-07-01 11:48:00,user9@contoso.com,SendMessage,10.0.89.77,{}
2025-07-01 13:59:00,user15@contoso.com,CreateItem,10.0.133.120,{}
2025-07-02 02:00:00,user16@contoso.com,SendMessage,10.0.16.175,{}
2025-07-02 04:19:00,user3@contoso.com,SendMessage,10.0.78.253,{}
2025-07-01 16:07:00,user14@contoso.com,CreateItem,10.0.225.85,{}
2025-07-01 19:46:00,user7@contoso.com,DeleteItem,10.0.27.135,{}
2025-07-01 13:43:00,user4@contoso.com,SendMessage,10.0.237.204,{}
2025-07-02 00:15:00,user16@contoso.com,CreateItem,10.0.119.194,{}
2025-07-01 16:57:00,user13@contoso.com,CreateItem,10.0.74.222,{}
2025-07-01 23:19:00,user1@contoso.com,CreateItem,10.0.195.161,{}
2025-07-01 09:24:00,user17@contoso.com,DeleteItem,10.0.49.181,{}
2025-07-02 06:15:00,user14@contoso.com,DeleteItem,10.0.139.171,{}
2025-07-01 11:21:00,user9@contoso.com,CreateItem,10.0.130.200,{}
2025-07-01 16:15:00,user15@contoso.com,DeleteItem,10.0.99.172,{}
2025-07-02 02:41:00,user6@contoso.com,CreateItem,10.0.5.4,{}
2025-07-01 22:02:00,user3@contoso.com,SendMessage,10.0.50.53,{}
2025-07-01 15:29:00,user15@contoso.com,CreateItem,10.0.145.128,{}
2025-07-01 08:48:00,user7@contoso.com,SendMessage,10.0.47.29,{}
2025-07-01 15:24:00,user20@contoso.com,DeleteItem,10.0.62.61,{}
2025-07-01 12:26:00,user3@contoso.com,DeleteItem,10.0.192.94,{}
2025-07-01 14:17:00,user4@contoso.com,DeleteItem,10.0.129.150,{}
2025-07-01 10:35:00,user15@contoso.com,DeleteItem,10.0.232.141,{}
2025-07-02 06:47:00,user14@contoso.com,DeleteItem,10.0.165.131,{}
2025-07-01 17:27:00,user6@contoso.com,SendMessage,10.0.31.195,{}
2025-07-01 10:03:00,user13@contoso.com,CreateItem,10.0.132.135,{}
2025-07-01 10:22:00,user6@contoso.com,CreateItem,10.0.251.102,{}
2025-07-01 14:05:00,user20@contoso.com,CreateItem,10.0.251.55,{}
2025-07-01 22:43:00,user5@contoso.com,DeleteItem,10.0.111.54,{}
2025-07-01 16:50:00,user15@contoso.com,DeleteItem,10.0.52.17,{}
2025-07-02 03:30:00,user3@contoso.com,SendMessage,10.0.128.228,{}
2025-07-01 13:04:00,user1@contoso.com,CreateItem,10.0.0.19,{}
2025-07-01 13:10:00,user13@contoso.com,CreateItem,10.0.168.200,{}
2025-07-02 01:35:00,user19@contoso.com,SendMessage,10.0.251.244,{}
2025-07-01 10:23:00,user14@contoso.com,CreateItem,10.0.115.1,{}
2025-07-02 00:27:00,user13@contoso.com,DeleteItem,10.0.62.183,{}
2025-07-01 18:20:00,user11@contoso.com,DeleteItem,10.0.205.28,{}
2025-07-01 11:05:00,sarah.johnson@contoso.com,DeleteItem,10.0.187.174,{}
2025-07-01 17:53:00,user3@contoso.com,CreateItem,10.0.103.90,{}
2025-07-01 21:06:00,user18@contoso.com,SendMessage,10.0.97.153,{}
2025-07-02 05:31:00,user13@contoso.com,SendMessage,10.0.183.249,{}
2025-07-01 22:56:00,user3@contoso.com,DeleteItem,10.0.97.71,{}
2025-07-01 08:51:00,user2@contoso.com,SendMessage,10.0.122.250,{}
2025-07-02 02:27:00,user13@contoso.com,SendMessage,10.0.157.255,{}
2025-07-01 08:33:00,user18@contoso.com,CreateItem,10.0.18.173,{}
2025-07-01 09:27:00,user2@contoso.com,CreateItem,10.0.207.60,{}
2025-07-02 06:46:00,user7@contoso.com,DeleteItem,10.0.234.76,{}
2025-07-01 10:27:00,user19@contoso.com,SendMessage,10.0.18.72,{}
2025-07-01 08:39:00,user16@contoso.com,DeleteItem,10.0.241.23,{}
2025-07-02 06:08:00,user8@contoso.com,DeleteItem,10.0.66.7,{}
2025-07-01 09:42:00,user6@contoso.com,DeleteItem,10.0.157.49,{}
2025-07-01 13:49:00,user15@contoso.com,DeleteItem,10.0.32.54,{}
2025-07-02 04:18:00,user4@contoso.com,CreateItem,10.0.112.32,{}
2025-07-01 19:30:00,user7@contoso.com,CreateItem,10.0.205.166,{}
2025-07-02 03:39:00,user4@contoso.com,DeleteItem,10.0.70.164,{}
2025-07-02 04:14:00,user7@contoso.com,SendMessage,10.0.88.171,{}
2025-07-01 17:20:00,user3@contoso.com,SendMessage,10.0.72.212,{}
2025-07-01 20:37:00,user6@contoso.com,DeleteItem,10.0.84.224,{}
2025-07-01 09:23:00,user8@contoso.com,DeleteItem,10.0.68.51,{}
2025-07-01 20:50:00,sarah.johnson@contoso.com,DeleteItem,10.0.80.8,{}
2025-07-01 08:13:00,user16@contoso.com,SendMessage,10.0.3.91,{}
2025-07-02 06:14:00,user3@contoso.com,DeleteItem,10.0.145.213,{}
2025-07-01 12:19:00,user16@contoso.com,DeleteItem,10.0.105.73,{}
2025-07-02 01:51:00,sarah.johnson@contoso.com,CreateItem,10.0.230.210,{}
2025-07-02 04:50:00,user8@contoso.com,SendMessage,10.0.19.92,{}
2025-07-01 11:00:00,user16@contoso.com,DeleteItem,10.0.154.178,{}
2025-07-02 03:02:00,user14@contoso.com,SendMessage,10.0.120.98,{}
2025-07-01 11:15:00,user4@contoso.com,DeleteItem,10.0.185.112,{}
2025-07-02 06:30:00,user15@contoso.com,DeleteItem,10.0.106.141,{}
2025-07-01 11:50:00,user2@contoso.com,SendMessage,10.0.76.242,{}
2025-07-01 13:27:00,user16@contoso.com,SendMessage,10.0.22.27,{}
2025-07-01 17:43:00,sarah.johnson@contoso.com,CreateItem,10.0.107.222,{}
2025-07-02 05:03:00,user9@contoso.com,CreateItem,10.0.232.22,{}
2025-07-01 09:47:00,user4@contoso.com,DeleteItem,10.0.90.80,{}
2025-07-02 01:34:00,user1@contoso.com,CreateItem,10.0.59.36,{}
2025-07-01 23:10:00,user8@contoso.com,DeleteItem,10.0.166.214,{}
2025-07-02 07:06:00,user7@contoso.com,DeleteItem,10.0.166.117,{}
2025-07-01 15:46:00,user4@contoso.com,CreateItem,10.0.50.121,{}
2025-07-01 20:49:00,user14@contoso.com,SendMessage,10.0.112.37,{}
2025-07-02 00:32:00,user16@contoso.com,DeleteItem,10.0.27.223,{}
2025-07-02 04:48:00,user5@contoso.com,SendMessage,10.0.232.91,{}
2025-07-01 12:39:00,user13@contoso.com,CreateItem,10.0.234.99,{}
2025-07-01 17:12:00,sarah.johnson@contoso.com,CreateItem,10.0.103.171,{}
2025-07-02 07:37:00,user5@contoso.com,SendMessage,10.0.30.143,{}
2025-07-01 23:53:00,user5@contoso.com,SendMessage,10.0.234.214,{}
2025-07-01 15:30:00,user6@contoso.com,CreateItem,10.0.151.80,{}
2025-07-01 13:48:00,sarah.johnson@contoso.com,DeleteItem,10.0.117.44,{}
2025-07-02 00:41:00,user14@contoso.com,DeleteItem,10.0.110.242,{}
2025-07-01 08:29:00,user15@contoso.com,CreateItem,10.0.219.126,{}
2025-07-01 22:49:00,user8@contoso.com,CreateItem,10.0.113.76,{}
2025-07-01 22:15:00,user19@contoso.com,SendMessage,10.0.22.20,{}
2025-07-02 01:12:00,user16@contoso.com,DeleteItem,10.0.17.217,{}
2025-07-02 00:21:00,user17@contoso.com,CreateItem,10.0.50.231,{}
2025-07-01 10:50:00,user16@contoso.com,SendMessage,10.0.6.208,{}
2025-07-01 20:14:00,user7@contoso.com,SendMessage,10.0.151.122,{}
2025-07-01 08:32:00,sarah.johnson@contoso.com,SendMessage,10.0.245.156,{}
2025-07-01 23:40:00,user6@contoso.com,DeleteItem,10.0.12.232,{}
2025-07-02 08:00:00,user15@contoso.com,SendMessage,10.0.207.94,{}
2025-07-01 23:50:00,user12@contoso.com,DeleteItem,10.0.0.36,{}
2025-07-01 19:21:00,user13@contoso.com,DeleteItem,10.0.16.151,{}
2025-07-02 07:49:00,user14@contoso.com,CreateItem,10.0.106.41,{}
2025-07-01 09:52:00,user20@contoso.com,CreateItem,10.0.186.26,{}
2025-07-01 20:28:00,user4@contoso.com,CreateItem,10.0.238.20,{}
2025-07-01 13:58:00,user12@contoso.com,CreateItem,10.0.34.104,{}
2025-07-01 16:08:00,user5@contoso.com,CreateItem,10.0.58.244,{}
2025-07-01 15:09:00,user19@contoso.com,DeleteItem,10.0.115.164,{}
2025-07-02 01:11:00,user12@contoso.com,CreateItem,10.0.216.141,{}
2025-07-01 20:43:00,user2@contoso.com,SendMessage,10.0.176.231,{}
2025-07-02 01:58:00,user16@contoso.com,DeleteItem,10.0.62.240,{}
2025-07-02 02:11:00,user18@contoso.com,DeleteItem,10.0.149.231,{}
2025-07-02 06:58:00,user20@contoso.com,CreateItem,10.0.33.96,{}
2025-07-01 10:44:00,user15@contoso.com,SendMessage,10.0.200.91,{}
2025-07-01 11:43:00,user10@contoso.com,SendMessage,10.0.84.141,{}
2025-07-01 13:03:00,user4@contoso.com,DeleteItem,10.0.254.77,{}
2025-07-02 05:24:00,user7@contoso.com,DeleteItem,10.0.11.150,{}
2025-07-02 02:28:00,user14@contoso.com,DeleteItem,10.0.67.242,{}
2025-07-01 23:09:00,user12@contoso.com,CreateItem,10.0.10.149,{}
2025-07-01 08:45:00,user7@contoso.com,SendMessage,10.0.118.171,{}
2025-07-01 19:42:00,user14@contoso.com,DeleteItem,10.0.167.248,{}
2025-07-02 07:47:00,user19@contoso.com,DeleteItem,10.0.227.234,{}
2025-07-01 12:30:00,user10@contoso.com,DeleteItem,10.0.156.87,{}
2025-07-02 00:31:00,user9@contoso.com,SendMessage,10.0.190.147,{}
2025-07-01 20:03:00,user2@contoso.com,SendMessage,10.0.145.233,{}
2025-07-01 13:29:00,user6@contoso.com,DeleteItem,10.0.146.93,{}
2025-07-02 07:38:00,user6@contoso.com,DeleteItem,10.0.78.82,{}
2025-07-01 09:24:00,user8@contoso.com,SendMessage,10.0.162.64,{}
2025-07-01 20:37:00,user15@contoso.com,CreateItem,10.0.94.105,{}
2025-07-01 09:11:00,user18@contoso.com,DeleteItem,10.0.162.176,{}
2025-07-01 23:18:00,user5@contoso.com,CreateItem,10.0.83.154,{}
2025-07-01 21:48:00,user4@contoso.com,SendMessage,10.0.255.74,{}
2025-07-01 13:19:00,user15@contoso.com,CreateItem,10.0.2.169,{}
2025-07-01 18:05:00,sarah.johnson@contoso.com,DeleteItem,10.0.242.148,{}
2025-07-01 13:01:00,user19@contoso.com,DeleteItem,10.0.226.173,{}
2025-07-02 00:20:00,user4@contoso.com,DeleteItem,10.0.20.71,{}
2025-07-01 18:30:00,user18@contoso.com,SendMessage,10.0.12.205,{}
2025-07-01 23:13:00,user20@contoso.com,SendMessage,10.0.182.47,{}
2025-07-02 04:45:00,user11@contoso.com,SendMessage,10.0.99.113,{}
2025-07-01 08:46:00,user9@contoso.com,SendMessage,10.0.42.228,{}
2025-07-01 21:27:00,user3@contoso.com,DeleteItem,10.0.99.251,{}
2025-07-02 04:39:00,user11@contoso.com,DeleteItem,10.0.28.184,{}
2025-07-01 22:35:00,user13@contoso.com,SendMessage,10.0.189.197,{}
2025-07-01 17:42:00,user12@contoso.com,SendMessage,10.0.176.179,{}
2025-07-02 03:08:00,user10@contoso.com,CreateItem,10.0.44.110,{}
2025-07-01 22:11:00,user15@contoso.com,DeleteItem,10.0.226.147,{}
2025-07-01 22:28:00,user6@contoso.com,DeleteItem,10.0.212.71,{}
2025-07-01 10:56:00,user19@contoso.com,DeleteItem,10.0.73.106,{}
2025-07-02 01:55:00,user10@contoso.com,CreateItem,10.0.171.33,{}
2025-07-01 11:01:00,user19@contoso.com,CreateItem,10.0.3.209,{}
2025-07-01 22:08:00,sarah.johnson@contoso.com,CreateItem,10.0.89.236,{}
2025-07-01 14:48:00,user19@contoso.com,SendMessage,10.0.95.195,{}
2025-07-02 00:44:00,user10@contoso.com,DeleteItem,10.0.21.154,{}
2025-07-02 00:51:00,user19@contoso.com,CreateItem,10.0.237.114,{}
2025-07-01 13:15:00,user1@contoso.com,SendMessage,10.0.134.153,{}
2025-07-02 00:07:00,sarah.johnson@contoso.com,DeleteItem,10.0.63.147,{}
2025-07-02 00:47:00,user14@contoso.com,SendMessage,10.0.125.14,{}
2025-07-02 00:49:00,user4@contoso.com,CreateItem,10.0.34.185,{}
2025-07-02 03:18:00,user19@contoso.com,CreateItem,10.0.223.132,{}
2025-07-02 00:14:00,sarah.johnson@contoso.com,DeleteItem,10.0.61.191,{}
2025-07-02 03:38:00,user17@contoso.com,DeleteItem,10.0.8.132,{}
2025-07-01 09:59:00,user6@contoso.com,DeleteItem,10.0.74.163,{}
2025-07-01 12:37:00,user15@contoso.com,DeleteItem,10.0.182.83,{}
2025-07-01 20:19:00,user2@contoso.com,CreateItem,10.0.214.182,{}
2025-07-01 17:57:00,user2@contoso.com,CreateItem,10.0.39.99,{}
2025-07-01 11:13:00,sarah.johnson@contoso.com,SendMessage,10.0.85.165,{}
2025-07-01 18:16:00,user11@contoso.com,DeleteItem,10.0.138.185,{}
2025-07-02 03:47:00,user4@contoso.com,DeleteItem,10.0.180.73,{}
2025-07-02 01:41:00,user1@contoso.com,SendMessage,10.0.144.190,{}
2025-07-01 19:36:00,user16@contoso.com,CreateItem,10.0.83.52,{}
2025-07-02 01:10:00,user7@contoso.com,SendMessage,10.0.113.96,{}
2025-07-02 07:32:00,user18@contoso.com,DeleteItem,10.0.58.213,{}
2025-07-01 11:58:00,user15@contoso.com,SendMessage,10.0.67.8,{}
2025-07-01 18:38:00,user16@contoso.com,CreateItem,10.0.185.71,{}
2025-07-02 01:51:00,user15@contoso.com,DeleteItem,10.0.175.88,{}
2025-07-01 12:02:00,user10@contoso.com,SendMessage,10.0.113.65,{}
2025-07-01 15:44:00,user5@contoso.com,DeleteItem,10.0.157.64,{}
2025-07-01 10:40:00,user7@contoso.com,SendMessage,10.0.217.57,{}
2025-07-02 00:31:00,user3@contoso.com,SendMessage,10.0.220.21,{}
2025-07-01 09:07:00,user7@contoso.com,SendMessage,10.0.30.240,{}
2025-07-01 09:28:00,user4@contoso.com,CreateItem,10.0.33.154,{}
2025-07-01 12:13:00,user1@contoso.com,SendMessage,10.0.105.102,{}
2025-07-01 19:59:00,user6@contoso.com,DeleteItem,10.0.14.46,{}
2025-07-01 17:28:00,user5@contoso.com,DeleteItem,10.0.178.180,{}
2025-07-02 04:55:00,user6@contoso.com,DeleteItem,10.0.123.34,{}
2025-07-01 08:28:00,user4@contoso.com,DeleteItem,10.0.111.98,{}
2025-07-02 02:20:00,user10@contoso.com,SendMessage,10.0.2.50,{}
2025-07-02 00:12:00,user7@contoso.com,DeleteItem,10.0.187.94,{}
2025-07-01 11:39:00,user15@contoso.com,DeleteItem,10.0.92.181,{}
2025-07-01 15:18:00,user13@contoso.com,CreateItem,10.0.116.208,{}
2025-07-01 12:13:00,user4@contoso.com,CreateItem,10.0.238.56,{}
2025-07-02 00:55:00,user17@contoso.com,SendMessage,10.0.184.147,{}
2025-07-01 09:23:00,user18@contoso.com,DeleteItem,10.0.42.167,{}
2025-07-01 21:08:00,user16@contoso.com,SendMessage,10.0.145.233,{}
2025-07-01 18:38:00,user20@contoso.com,DeleteItem,10.0.227.115,{}
2025-07-01 17:55:00,user18@contoso.com,CreateItem,10.0.219.96,{}
2025-07-02 07:10:00,user3@contoso.com,CreateItem,10.0.188.91,{}
2025-07-02 00:46:00,user1@contoso.com,DeleteItem,10.0.53.202,{}
2025-07-02 06:28:00,user15@contoso.com,DeleteItem,10.0.43.61,{}
2025-07-01 21:40:00,user5@contoso.com,CreateItem,10.0.52.86,{}
2025-07-01 14:47:00,user3@contoso.com,CreateItem,10.0.173.102,{}
2025-07-01 12:11:00,user20@contoso.com,CreateItem,10.0.119.217,{}
2025-07-02 03:51:00,user16@contoso.com,CreateItem,10.0.139.204,{}
2025-07-02 06:45:00,user12@contoso.com,CreateItem,10.0.207.248,{}
2025-07-01 13:01:00,user17@contoso.com,CreateItem,10.0.232.55,{}
2025-07-02 00:42:00,user4@contoso.com,CreateItem,10.0.254.118,{}
2025-07-01 09:00:00,sarah.johnson@contoso.com,SendMessage,10.0.50.27,{}
2025-07-02 07:08:00,user3@contoso.com,CreateItem,10.0.13.91,{}
2025-07-02 07:11:00,user13@contoso.com,DeleteItem,10.0.167.78,{}
2025-07-02 05:16:00,user10@contoso.com,DeleteItem,10.0.49.39,{}
2025-07-01 23:54:00,user17@contoso.com,CreateItem,10.0.103.150,{}
2025-07-02 01:13:00,user16@contoso.com,CreateItem,10.0.133.175,{}
2025-07-01 08:36:00,user18@contoso.com,DeleteItem,10.0.16.220,{}
2025-07-01 23:21:00,user4@contoso.com,CreateItem,10.0.161.192,{}
2025-07-01 09:13:00,user15@contoso.com,CreateItem,10.0.16.90,{}
2025-07-01 18:20:00,user18@contoso.com,DeleteItem,10.0.84.251,{}
2025-07-01 18:39:00,user14@contoso.com,SendMessage,10.0.199.249,{}
2025-07-02 07:02:00,user4@contoso.com,DeleteItem,10.0.251.240,{}
2025-07-01 13:20:00,user16@contoso.com,DeleteItem,10.0.28.200,{}
2025-07-02 04:10:00,user9@contoso.com,CreateItem,10.0.193.180,{}
2025-07-01 10:05:00,user10@contoso.com,CreateItem,10.0.14.23,{}
2025-07-01 19:54:00,user5@contoso.com,CreateItem,10.0.13.174,{}
2025-07-01 22:36:00,user13@contoso.com,SendMessage,10.0.176.182,{}
2025-07-01 09:55:00,user14@contoso.com,CreateItem,10.0.125.126,{}
2025-07-01 18:39:00,user8@contoso.com,DeleteItem,10.0.43.33,{}
2025-07-01 19:31:00,user10@contoso.com,SendMessage,10.0.86.10,{}
2025-07-01 09:16:00,user18@contoso.com,CreateItem,10.0.235.216,{}
2025-07-01 22:22:00,user19@contoso.com,DeleteItem,10.0.136.10,{}
2025-07-01 08:45:00,user16@contoso.com,DeleteItem,10.0.162.193,{}
2025-07-01 19:00:00,user19@contoso.com,CreateItem,10.0.50.250,{}
2025-07-02 07:02:00,user4@contoso.com,DeleteItem,10.0.105.172,{}
2025-07-02 06:46:00,user16@contoso.com,DeleteItem,10.0.173.85,{}
2025-07-01 20:24:00,user20@contoso.com,CreateItem,10.0.223.103,{}
2025-07-01 10:34:00,user16@contoso.com,DeleteItem,10.0.109.147,{}
2025-07-01 18:08:00,user9@contoso.com,SendMessage,10.0.205.115,{}
2025-07-01 11:08:00,user20@contoso.com,DeleteItem,10.0.48.172,{}
2025-07-02 03:20:00,user9@contoso.com,SendMessage,10.0.243.218,{}
2025-07-01 10:37:00,user7@contoso.com,CreateItem,10.0.154.153,{}
2025-07-02 02:25:00,user14@contoso.com,DeleteItem,10.0.160.102,{}
2025-07-01 16:34:00,user14@contoso.com,CreateItem,10.0.232.92,{}
2025-07-02 08:00:00,user1@contoso.com,DeleteItem,10.0.95.255,{}
2025-07-01 23:57:00,user7@contoso.com,DeleteItem,10.0.137.222,{}
2025-07-02 05:23:00,user19@contoso.com,DeleteItem,10.0.30.102,{}
2025-07-01 13:02:00,user12@contoso.com,CreateItem,10.0.123.77,{}
2025-07-01 22:00:00,user10@contoso.com,CreateItem,10.0.163.32,{}
2025-07-01 22:04:00,sarah.johnson@contoso.com,SendMessage,10.0.136.146,{}
2025-07-01 16:45:00,sarah.johnson@contoso.com,SendMessage,10.0.120.207,{}
2025-07-01 13:07:00,user8@contoso.com,SendMessage,10.0.98.14,{}
2025-07-01 23:50:00,user8@contoso.com,CreateItem,10.0.248.223,{}
2025-07-01 09:15:00,user14@contoso.com,DeleteItem,10.0.103.81,{}
2025-07-01 08:59:00,user9@contoso.com,SendMessage,10.0.132.142,{}
2025-07-02 05:59:00,user18@contoso.com,SendMessage,10.0.21.248,{}
2025-07-01 10:51:00,user1@contoso.com,SendMessage,10.0.160.152,{}
2025-07-01 20:24:00,user3@contoso.com,CreateItem,10.0.46.203,{}
2025-07-01 11:49:00,user5@contoso.com,SendMessage,10.0.61.128,{}
2025-07-01 16:07:00,user16@contoso.com,SendMessage,10.0.62.160,{}
2025-07-01 21:18:00,user11@contoso.com,DeleteItem,10.0.120.216,{}
2025-07-01 11:38:00,user7@contoso.com,SendMessage,10.0.89.109,{}
2025-07-01 21:56:00,user9@contoso.com,CreateItem,10.0.130.28,{}
2025-07-01 20:47:00,user16@contoso.com,DeleteItem,10.0.57.162,{}
2025-07-02 00:12:00,user18@contoso.com,CreateItem,10.0.126.142,{}
2025-07-02 00:13:00,user5@contoso.com,CreateItem,10.0.188.157,{}
2025-07-02 04:40:00,user1@contoso.com,DeleteItem,10.0.17.27,{}
2025-07-02 02:51:00,user8@contoso.com,CreateItem,10.0.196.158,{}
2025-07-01 20:23:00,sarah.johnson@contoso.com,DeleteItem,10.0.62.121,{}
2025-07-01 08:16:00,user15@contoso.com,CreateItem,10.0.201.130,{}
2025-07-01 16:02:00,user10@contoso.com,SendMessage,10.0.152.107,{}
2025-07-02 05:33:00,user6@contoso.com,CreateItem,10.0.162.208,{}
2025-07-01 10:44:00,user2@contoso.com,CreateItem,10.0.251.241,{}
2025-07-01 22:25:00,user14@contoso.com,CreateItem,10.0.51.82,{}
2025-07-01 10:15:00,user9@contoso.com,DeleteItem,10.0.180.215,{}
2025-07-02 02:41:00,user20@contoso.com,DeleteItem,10.0.167.232,{}
2025-07-02 05:53:00,user1@contoso.com,SendMessage,10.0.94.227,{}
2025-07-01 08:06:00,sarah.johnson@contoso.com,SendMessage,10.0.205.102,{}
2025-07-01 18:42:00,sarah.johnson@contoso.com,CreateItem,10.0.42.56,{}
2025-07-02 01:37:00,user6@contoso.com,SendMessage,10.0.66.210,{}
2025-07-02 00:19:00,user11@contoso.com,CreateItem,10.0.68.133,{}
2025-07-02 04:14:00,user6@contoso.com,DeleteItem,10.0.167.144,{}
2025-07-01 22:08:00,user7@contoso.com,SendMessage,10.0.188.93,{}
2025-07-02 03:28:00,user13@contoso.com,CreateItem,10.0.114.10,{}
2025-07-02 06:05:00,user1@contoso.com,DeleteItem,10.0.117.45,{}
2025-07-01 16:56:00,user15@contoso.com,SendMessage,10.0.86.25,{}
2025-07-01 22:38:00,user13@contoso.com,DeleteItem,10.0.133.76,{}
2025-07-01 13:48:00,user3@contoso.com,CreateItem,10.0.60.7,{}
2025-07-01 23:29:00,user17@contoso.com,CreateItem,10.0.253.60,{}
2025-07-01 14:56:00,user8@contoso.com,DeleteItem,10.0.97.136,{}
2025-07-02 00:52:00,user10@contoso.com,DeleteItem,10.0.195.66,{}
2025-07-02 04:28:00,user14@contoso.com,SendMessage,10.0.110.144,{}
2025-07-01 14:09:00,user7@contoso.com,CreateItem,10.0.209.74,{}
2025-07-01 16:56:00,user1@contoso.com,CreateItem,10.0.120.230,{}
2025-07-02 03:53:00,user8@contoso.com,CreateItem,10.0.234.43,{}
2025-07-01 12:32:00,user1@contoso.com,CreateItem,10.0.165.203,{}
2025-07-01 21:05:00,user7@contoso.com,DeleteItem,10.0.216.131,{}
2025-07-02 03:00:00,user3@contoso.com,SendMessage,10.0.30.26,{}
2025-07-02 00:04:00,user11@contoso.com,SendMessage,10.0.181.23,{}
2025-07-02 01:13:00,user1@contoso.com,CreateItem,10.0.195.154,{}
2025-07-01 20:39:00,user13@contoso.com,DeleteItem,10.0.67.21,{}
2025-07-01 16:53:00,user19@contoso.com,SendMessage,10.0.86.252,{}
2025-07-01 12:30:00,user11@contoso.com,CreateItem,10.0.45.162,{}
2025-07-01 12:50:00,user17@contoso.com,CreateItem,10.0.133.59,{}
2025-07-01 12:21:00,user11@contoso.com,SendMessage,10.0.255.143,{}
2025-07-01 17:39:00,user12@contoso.com,CreateItem,10.0.134.135,{}
2025-07-01 22:52:00,user17@contoso.com,CreateItem,10.0.84.161,{}
2025-07-02 02:58:00,user16@contoso.com,SendMessage,10.0.225.27,{}
2025-07-01 09:51:00,user7@contoso.com,SendMessage,10.0.117.93,{}
2025-07-01 16:52:00,user2@contoso.com,CreateItem,10.0.83.239,{}
2025-07-02 00:53:00,user14@contoso.com,SendMessage,10.0.20.226,{}
2025-07-02 03:08:00,user12@contoso.com,DeleteItem,10.0.248.234,{}
2025-07-01 13:03:00,user16@contoso.com,SendMessage,10.0.63.178,{}
2025-07-01 17:41:00,user3@contoso.com,SendMessage,10.0.92.86,{}
2025-07-02 03:13:00,user17@contoso.com,CreateItem,10.0.108.2,{}
2025-07-01 14:09:00,user17@contoso.com,DeleteItem,10.0.213.39,{}
2025-07-02 07:06:00,user8@contoso.com,CreateItem,10.0.48.168,{}
2025-07-02 07:15:00,user1@contoso.com,CreateItem,10.0.62.201,{}
2025-07-01 11:37:00,user12@contoso.com,DeleteItem,10.0.165.78,{}
2025-07-01 23:42:00,user1@contoso.com,SendMessage,10.0.245.232,{}
2025-07-02 04:16:00,sarah.johnson@contoso.com,CreateItem,10.0.2.168,{}
2025-07-02 05:14:00,user2@contoso.com,DeleteItem,10.0.231.166,{}
2025-07-01 15:12:00,user19@contoso.com,SendMessage,10.0.24.144,{}
2025-07-01 10:24:00,user11@contoso.com,SendMessage,10.0.195.47,{}
2025-07-01 14:04:00,user13@contoso.com,CreateItem,10.0.122.204,{}
2025-07-01 15:06:00,user3@contoso.com,SendMessage,10.0.83.198,{}
2025-07-02 06:05:00,user13@contoso.com,CreateItem,10.0.78.61,{}
2025-07-01 22:45:00,user10@contoso.com,CreateItem,10.0.158.67,{}
2025-07-01 11:16:00,user12@contoso.com,DeleteItem,10.0.188.102,{}
2025-07-01 21:14:00,user16@contoso.com,CreateItem,10.0.243.137,{}
2025-07-01 22:26:00,user19@contoso.com,DeleteItem,10.0.46.216,{}
2025-07-01 14:21:00,user12@contoso.com,DeleteItem,10.0.222.218,{}
2025-07-02 01:31:00,user3@contoso.com,SendMessage,10.0.174.237,{}
2025-07-02 07:25:00,user8@contoso.com,DeleteItem,10.0.79.253,{}
2025-07-02 06:05:00,user17@contoso.com,DeleteItem,10.0.42.148,{}
2025-07-01 10:42:00,user15@contoso.com,CreateItem,10.0.244.153,{}
2025-07-02 07:21:00,user5@contoso.com,SendMessage,10.0.153.127,{}
2025-07-01 18:05:00,user17@contoso.com,CreateItem,10.0.24.39,{}
2025-07-01 11:40:00,user2@contoso.com,DeleteItem,10.0.217.211,{}
2025-07-02 06:33:00,user4@contoso.com,CreateItem,10.0.129.181,{}
2025-07-01 10:47:00,user9@contoso.com,DeleteItem,10.0.8.58,{}
2025-07-01 14:13:00,user15@contoso.com,SendMessage,10.0.201.23,{}
2025-07-01 18:09:00,user3@contoso.com,CreateItem,10.0.160.232,{}
2025-07-01 17:02:00,user15@contoso.com,DeleteItem,10.0.174.95,{}
2025-07-01 10:40:00,user7@contoso.com,SendMessage,10.0.132.54,{}
2025-07-01 08:36:00,user14@contoso.com,DeleteItem,10.0.2.202,{}
2025-07-01 13:51:00,user4@contoso.com,SendMessage,10.0.244.235,{}
2025-07-02 04:32:00,user13@contoso.com,DeleteItem,10.0.249.155,{}
2025-07-01 20:18:00,user20@contoso.com,DeleteItem,10.0.202.154,{}
2025-07-01 12:36:00,user3@contoso.com,SendMessage,10.0.7.97,{}
2025-07-02 07:45:00,user4@contoso.com,SendMessage,10.0.96.13,{}
2025-07-02 06:08:00,user7@contoso.com,CreateItem,10.0.74.123,{}
2025-07-02 02:23:00,user14@contoso.com,DeleteItem,10.0.97.44,{}
2025-07-01 13:03:00,user10@contoso.com,CreateItem,10.0.242.216,{}
2025-07-01 13:40:00,user1@contoso.com,SendMessage,10.0.78.227,{}
2025-07-01 08:40:00,user16@contoso.com,CreateItem,10.0.230.124,{}
2025-07-02 03:26:00,user7@contoso.com,CreateItem,10.0.200.26,{}
2025-07-01 11:30:00,user11@contoso.com,SendMessage,10.0.221.212,{}
2025-07-02 03:45:00,user16@contoso.com,DeleteItem,10.0.148.18,{}
2025-07-02 00:35:00,user16@contoso.com,CreateItem,10.0.249.118,{}
2025-07-01 08:38:00,user2@contoso.com,DeleteItem,10.0.216.161,{}
2025-07-01 17:08:00,user18@contoso.com,SendMessage,10.0.213.242,{}
2025-07-02 05:15:00,user4@contoso.com,CreateItem,10.0.177.229,{}
2025-07-01 13:30:00,user14@contoso.com,SendMessage,10.0.147.98,{}
2025-07-01 22:57:00,user16@contoso.com,CreateItem,10.0.118.112,{}
2025-07-01 19:34:00,user19@contoso.com,DeleteItem,10.0.239.67,{}
2025-07-01 21:19:00,user10@contoso.com,DeleteItem,10.0.213.184,{}
2025-07-02 05:13:00,user16@contoso.com,SendMessage,10.0.106.144,{}
2025-07-02 00:28:00,user3@contoso.com,DeleteItem,10.0.66.88,{}
2025-07-02 04:40:00,user7@contoso.com,SendMessage,10.0.251.51,{}
2025-07-01 18:21:00,user14@contoso.com,CreateItem,10.0.120.107,{}
2025-07-01 08:37:00,user18@contoso.com,SendMessage,10.0.183.133,{}
2025-07-01 13:24:00,user12@contoso.com,DeleteItem,10.0.89.16,{}
2025-07-01 22:41:00,user3@contoso.com,CreateItem,10.0.58.116,{}
2025-07-01 15:38:00,user4@contoso.com,DeleteItem,10.0.249.132,{}
2025-07-01 09:35:00,user11@contoso.com,CreateItem,10.0.136.77,{}
2025-07-02 06:51:00,user17@contoso.com,DeleteItem,10.0.53.25,{}
2025-07-01 11:47:00,user15@contoso.com,CreateItem,10.0.54.52,{}
2025-07-02 01:18:00,user18@contoso.com,SendMessage,10.0.53.85,{}
2025-07-01 15:00:00,sarah.johnson@contoso.com,SendMessage,10.0.185.80,{}
2025-07-01 23:04:00,user10@contoso.com,DeleteItem,10.0.255.50,{}
2025-07-01 20:24:00,user5@contoso.com,DeleteItem,10.0.171.70,{}
2025-07-01 22:59:00,user4@contoso.com,SendMessage,10.0.212.3,{}
2025-07-01 19:39:00,user8@contoso.com,CreateItem,10.0.146.87,{}
2025-07-01 20:42:00,user3@contoso.com,CreateItem,10.0.212.184,{}
2025-07-01 16:22:00,sarah.johnson@contoso.com,DeleteItem,10.0.77.215,{}
2025-07-01 22:38:00,user8@contoso.com,SendMessage,10.0.211.209,{}
2025-07-02 07:17:00,user15@contoso.com,DeleteItem,10.0.185.15,{}
2025-07-01 08:20:00,user15@contoso.com,SendMessage,10.0.35.43,{}
2025-07-01 21:42:00,user11@contoso.com,CreateItem,10.0.84.222,{}
2025-07-01 09:15:00,user2@contoso.com,CreateItem,10.0.77.29,{}
2025-07-02 06:32:00,sarah.johnson@contoso.com,DeleteItem,10.0.151.214,{}
2025-07-02 07:55:00,user13@contoso.com,DeleteItem,10.0.155.160,{}
2025-07-01 17:32:00,user12@contoso.com,SendMessage,10.0.75.206,{}
2025-07-01 15:00:00,user15@contoso.com,DeleteItem,10.0.226.176,{}
2025-07-01 14:44:00,sarah.johnson@contoso.com,CreateItem,10.0.154.43,{}
2025-07-01 19:25:00,user2@contoso.com,DeleteItem,10.0.199.64,{}
2025-07-01 17:41:00,user17@contoso.com,DeleteItem,10.0.109.47,{}
2025-07-01 18:39:00,user17@contoso.com,DeleteItem,10.0.174.81,{}
2025-07-02 02:25:00,user1@contoso.com,SendMessage,10.0.132.123,{}
2025-07-01 22:25:00,user10@contoso.com,DeleteItem,10.0.56.30,{}
2025-07-02 05:24:00,user12@contoso.com,CreateItem,10.0.181.63,{}
2025-07-01 12:15:00,user2@contoso.com,DeleteItem,10.0.229.152,{}
2025-07-01 08:10:00,user19@contoso.com,DeleteItem,10.0.232.173,{}
2025-07-02 03:51:00,user8@contoso.com,DeleteItem,10.0.119.179,{}
2025-07-02 06:45:00,user10@contoso.com,CreateItem,10.0.71.193,{}
2025-07-01 16:27:00,user17@contoso.com,DeleteItem,10.0.53.167,{}
2025-07-01 14:34:00,user17@contoso.com,DeleteItem,10.0.184.232,{}
2025-07-01 22:31:00,user4@contoso.com,SendMessage,10.0.210.41,{}
2025-07-01 22:30:00,user3@contoso.com,SendMessage,10.0.66.243,{}
2025-07-01 10:39:00,user7@contoso.com,CreateItem,10.0.189.206,{}
2025-07-02 01:42:00,user19@contoso.com,DeleteItem,10.0.202.135,{}
2025-07-02 05:43:00,user19@contoso.com,CreateItem,10.0.216.225,{}
2025-07-01 22:13:00,user16@contoso.com,DeleteItem,10.0.83.73,{}
2025-07-02 00:32:00,user17@contoso.com,SendMessage,10.0.234.66,{}
2025-07-01 12:01:00,user17@contoso.com,DeleteItem,10.0.108.233,{}
2025-07-01 13:21:00,user16@contoso.com,SendMessage,10.0.189.60,{}
2025-07-01 11:45:00,user20@contoso.com,CreateItem,10.0.61.189,{}
2025-07-01 09:22:00,user19@contoso.com,CreateItem,10.0.78.60,{}
2025-07-01 20:46:00,user12@contoso.com,CreateItem,10.0.155.150,{}
2025-07-01 12:52:00,user16@contoso.com,SendMessage,10.0.72.215,{}
2025-07-01 17:40:00,user2@contoso.com,CreateItem,10.0.110.93,{}
2025-07-01 12:10:00,user16@contoso.com,SendMessage,10.0.178.34,{}
2025-07-02 00:25:00,user2@contoso.com,CreateItem,10.0.158.231,{}
2025-07-02 00:13:00,user11@contoso.com,CreateItem,10.0.67.70,{}
2025-07-01 23:43:00,user17@contoso.com,DeleteItem,10.0.230.229,{}
2025-07-01 19:06:00,user5@contoso.com,DeleteItem,10.0.45.209,{}
2025-07-01 21:29:00,user13@contoso.com,SendMessage,10.0.173.23,{}
2025-07-01 17:28:00,user15@contoso.com,DeleteItem,10.0.45.84,{}
2025-07-02 05:30:00,user1@contoso.com,DeleteItem,10.0.158.63,{}
2025-07-01 10:54:00,sarah.johnson@contoso.com,DeleteItem,10.0.98.27,{}
2025-07-01 14:27:00,user19@contoso.com,DeleteItem,10.0.243.9,{}
2025-07-02 02:09:00,user4@contoso.com,DeleteItem,10.0.92.9,{}
2025-07-01 16:22:00,user9@contoso.com,SendMessage,10.0.227.43,{}
2025-07-01 18:56:00,user18@contoso.com,DeleteItem,10.0.205.23,{}
2025-07-01 19:36:00,user16@contoso.com,SendMessage,10.0.223.92,{}
2025-07-02 02:01:00,user14@contoso.com,SendMessage,10.0.162.195,{}
2025-07-01 11:54:00,user9@contoso.com,SendMessage,10.0.50.86,{}
2025-07-01 14:14:00,user10@contoso.com,SendMessage,10.0.130.45,{}
2025-07-01 21:54:00,user5@contoso.com,CreateItem,10.0.86.30,{}
2025-07-01 14:11:00,user20@contoso.com,CreateItem,10.0.13.29,{}
2025-07-01 11:22:00,user10@contoso.com,CreateItem,10.0.163.72,{}
2025-07-01 16:48:00,user14@contoso.com,CreateItem,10.0.192.61,{}
2025-07-01 16:10:00,user2@contoso.com,SendMessage,10.0.121.252,{}
2025-07-01 21:08:00,user17@contoso.com,DeleteItem,10.0.58.137,{}
2025-07-01 23:51:00,user2@contoso.com,CreateItem,10.0.208.33,{}
2025-07-01 21:54:00,user16@contoso.com,SendMessage,10.0.119.9,{}
2025-07-02 04:00:00,user9@contoso.com,DeleteItem,10.0.51.126,{}
2025-07-01 12:17:00,user18@contoso.com,DeleteItem,10.0.155.208,{}
2025-07-02 05:42:00,user15@contoso.com,SendMessage,10.0.104.72,{}
2025-07-01 13:44:00,user12@contoso.com,DeleteItem,10.0.125.216,{}
2025-07-01 09:25:00,user18@contoso.com,CreateItem,10.0.0.237,{}
2025-07-02 06:17:00,user20@contoso.com,CreateItem,10.0.85.0,{}
2025-07-01 17:19:00,user2@contoso.com,CreateItem,10.0.128.194,{}
2025-07-01 15:15:00,user12@contoso.com,DeleteItem,10.0.144.23,{}
2025-07-02 02:13:00,user6@contoso.com,DeleteItem,10.0.35.153,{}
2025-07-02 07:50:00,user3@contoso.com,CreateItem,10.0.62.71,{}
2025-07-01 22:44:00,user18@contoso.com,CreateItem,10.0.107.162,{}
2025-07-01 16:55:00,user11@contoso.com,DeleteItem,10.0.231.139,{}
2025-07-01 18:58:00,user8@contoso.com,DeleteItem,10.0.174.107,{}
2025-07-01 19:12:00,user15@contoso.com,DeleteItem,10.0.8.68,{}
2025-07-02 04:46:00,sarah.johnson@contoso.com,SendMessage,10.0.243.2,{}
2025-07-01 13:55:00,user1@contoso.com,DeleteItem,10.0.211.250,{}
2025-07-01 10:46:00,user13@contoso.com,DeleteItem,10.0.39.15,{}
2025-07-01 12:12:00,user15@contoso.com,DeleteItem,10.0.180.192,{}
2025-07-01 21:12:00,user20@contoso.com,CreateItem,10.0.90.4,{}
2025-07-01 20:38:00,user4@contoso.com,CreateItem,10.0.98.227,{}
2025-07-01 08:40:00,user1@contoso.com,SendMessage,10.0.143.183,{}
2025-07-02 04:56:00,user7@contoso.com,SendMessage,10.0.155.113,{}
2025-07-01 20:23:00,user8@contoso.com,CreateItem,10.0.18.143,{}
2025-07-02 04:41:00,user16@contoso.com,DeleteItem,10.0.107.3,{}
2025-07-01 21:31:00,user7@contoso.com,DeleteItem,10.0.56.142,{}
2025-07-02 00:51:00,user19@contoso.com,DeleteItem,10.0.87.99,{}
2025-07-02 07:17:00,user19@contoso.com,DeleteItem,10.0.89.33,{}
2025-07-01 10:13:00,user19@contoso.com,SendMessage,10.0.65.132,{}
2025-07-02 01:51:00,user19@contoso.com,SendMessage,10.0.140.98,{}
2025-07-02 07:08:00,user1@contoso.com,DeleteItem,10.0.129.232,{}
2025-07-02 05:52:00,user1@contoso.com,CreateItem,10.0.26.165,{}
2025-07-01 17:21:00,user14@contoso.com,CreateItem,10.0.62.238,{}
2025-07-02 01:39:00,user16@contoso.com,CreateItem,10.0.22.114,{}
2025-07-01 22:20:00,user2@contoso.com,CreateItem,10.0.229.161,{}
2025-07-01 14:38:00,user1@contoso.com,CreateItem,10.0.171.41,{}
2025-07-01 15:42:00,user19@contoso.com,SendMessage,10.0.216.38,{}
2025-07-01 13:36:00,user8@contoso.com,SendMessage,10.0.168.159,{}
2025-07-02 05:20:00,user3@contoso.com,DeleteItem,10.0.49.14,{}
2025-07-01 08:49:00,user16@contoso.com,CreateItem,10.0.171.128,{}
2025-07-02 00:09:00,user8@contoso.com,SendMessage,10.0.122.174,{}
2025-07-02 01:44:00,user2@contoso.com,CreateItem,10.0.121.37,{}
2025-07-01 22:58:00,user20@contoso.com,DeleteItem,10.0.48.228,{}
2025-07-01 10:55:00,user19@contoso.com,SendMessage,10.0.31.17,{}
2025-07-02 07:40:00,user13@contoso.com,CreateItem,10.0.33.65,{}
2025-07-01 09:52:00,user2@contoso.com,CreateItem,10.0.154.221,{}
2025-07-02 07:07:00,user3@contoso.com,SendMessage,10.0.28.26,{}
2025-07-01 21:42:00,user10@contoso.com,CreateItem,10.0.49.210,{}
2025-07-02 06:31:00,user8@contoso.com,DeleteItem,10.0.5.232,{}
2025-07-01 22:36:00,user13@contoso.com,CreateItem,10.0.51.173,{}
2025-07-01 08:53:00,sarah.johnson@contoso.com,DeleteItem,10.0.232.168,{}
2025-07-01 11:41:00,user19@contoso.com,SendMessage,10.0.52.6,{}
2025-07-01 10:18:00,user20@contoso.com,DeleteItem,10.0.99.64,{}
2025-07-01 16:44:00,sarah.johnson@contoso.com,DeleteItem,10.0.181.215,{}
2025-07-02 05:11:00,user16@contoso.com,DeleteItem,10.0.227.95,{}
2025-07-01 09:30:00,user8@contoso.com,SendMessage,10.0.30.65,{}
2025-07-01 22:52:00,user10@contoso.com,DeleteItem,10.0.183.159,{}
2025-07-01 12:58:00,user19@contoso.com,DeleteItem,10.0.75.240,{}
2025-07-01 19:42:00,user10@contoso.com,DeleteItem,10.0.149.188,{}
2025-07-02 04:01:00,user1@contoso.com,DeleteItem,10.0.74.29,{}
2025-07-02 03:05:00,user8@contoso.com,DeleteItem,10.0.27.216,{}
2025-07-01 14:50:00,user12@contoso.com,SendMessage,10.0.103.35,{}
2025-07-02 06:47:00,user11@contoso.com,SendMessage,10.0.243.239,{}
2025-07-01 19:18:00,user20@contoso.com,DeleteItem,10.0.171.153,{}
2025-07-01 13:32:00,user14@contoso.com,CreateItem,10.0.53.232,{}
2025-07-01 15:29:00,user2@contoso.com,CreateItem,10.0.1.114,{}
2025-07-02 05:17:00,user8@contoso.com,CreateItem,10.0.109.122,{}
2025-07-01 19:18:00,user16@contoso.com,DeleteItem,10.0.192.105,{}
2025-07-01 08:13:00,user13@contoso.com,SendMessage,10.0.185.5,{}
2025-07-01 09:01:00,user3@contoso.com,CreateItem,10.0.58.72,{}
2025-07-01 14:38:00,user10@contoso.com,CreateItem,10.0.184.22,{}
2025-07-01 14:45:00,user1@contoso.com,SendMessage,10.0.145.89,{}
2025-07-01 13:56:00,user8@contoso.com,CreateItem,10.0.173.125,{}
2025-07-01 08:44:00,user6@contoso.com,SendMessage,10.0.90.134,{}
2025-07-02 07:07:00,user4@contoso.com,SendMessage,10.0.70.194,{}
2025-07-01 19:33:00,sarah.johnson@contoso.com,SendMessage,10.0.107.156,{}
2025-07-01 20:37:00,user15@contoso.com,SendMessage,10.0.190.87,{}
2025-07-01 22:48:00,user17@contoso.com,DeleteItem,10.0.33.60,{}
2025-07-01 14:28:00,user5@contoso.com,SendMessage,10.0.98.193,{}
2025-07-02 04:27:00,user12@contoso.com,CreateItem,10.0.219.125,{}
2025-07-02 04:02:00,user2@contoso.com,DeleteItem,10.0.96.150,{}
2025-07-01 16:26:00,user5@contoso.com,CreateItem,10.0.27.143,{}
2025-07-02 03:56:00,user5@contoso.com,DeleteItem,10.0.250.107,{}
2025-07-02 06:38:00,user3@contoso.com,CreateItem,10.0.33.85,{}
2025-07-02 06:01:00,user17@contoso.com,CreateItem,10.0.191.255,{}
2025-07-01 14:06:00,user17@contoso.com,CreateItem,10.0.164.191,{}
2025-07-02 00:29:00,user17@contoso.com,DeleteItem,10.0.253.242,{}
2025-07-01 21:41:00,user9@contoso.com,DeleteItem,10.0.18.106,{}
2025-07-01 23:25:00,user8@contoso.com,SendMessage,10.0.120.202,{}
2025-07-01 22:30:00,user7@contoso.com,CreateItem,10.0.193.80,{}
2025-07-02 02:47:00,user12@contoso.com,CreateItem,10.0.43.68,{}
2025-07-01 23:10:00,user3@contoso.com,CreateItem,10.0.180.117,{}
2025-07-01 23:52:00,user19@contoso.com,SendMessage,10.0.172.218,{}
2025-07-01 22:45:00,user15@contoso.com,CreateItem,10.0.209.188,{}
2025-07-01 17:19:00,user16@contoso.com,CreateItem,10.0.195.12,{}
2025-07-01 15:58:00,user6@contoso.com,CreateItem,10.0.135.38,{}
2025-07-01 18:03:00,user12@contoso.com,SendMessage,10.0.40.141,{}
2025-07-01 12:02:00,user8@contoso.com,SendMessage,10.0.36.184,{}
2025-07-01 14:50:00,user2@contoso.com,DeleteItem,10.0.170.100,{}
2025-07-01 18:19:00,user11@contoso.com,CreateItem,10.0.140.97,{}
2025-07-02 02:32:00,user20@contoso.com,SendMessage,10.0.133.4,{}
2025-07-01 19:49:00,user10@contoso.com,CreateItem,10.0.206.207,{}
2025-07-01 08:24:00,user19@contoso.com,DeleteItem,10.0.241.76,{}
2025-07-01 15:44:00,user13@contoso.com,SendMessage,10.0.107.242,{}
2025-07-02 04:02:00,user8@contoso.com,DeleteItem,10.0.239.236,{}
2025-07-01 18:41:00,user11@contoso.com,SendMessage,10.0.96.219,{}
2025-07-01 22:58:00,user14@contoso.com,SendMessage,10.0.230.15,{}
2025-07-02 03:42:00,user12@contoso.com,SendMessage,10.0.65.156,{}
2025-07-02 06:29:00,user1@contoso.com,CreateItem,10.0.181.173,{}
2025-07-01 22:31:00,user8@contoso.com,CreateItem,10.0.206.153,{}
2025-07-01 08:47:00,user11@contoso.com,DeleteItem,10.0.16.71,{}
2025-07-02 03:23:00,user5@contoso.com,CreateItem,10.0.200.195,{}
2025-07-01 10:10:00,user7@contoso.com,CreateItem,10.0.197.96,{}
2025-07-01 19:13:00,user16@contoso.com,SendMessage,10.0.231.155,{}
2025-07-01 11:33:00,user3@contoso.com,SendMessage,10.0.90.16,{}
2025-07-01 08:54:00,user20@contoso.com,CreateItem,10.0.95.101,{}
2025-07-01 17:41:00,user3@contoso.com,CreateItem,10.0.105.119,{}
2025-07-02 01:53:00,user10@contoso.com,DeleteItem,10.0.35.232,{}
2025-07-02 01:41:00,user2@contoso.com,CreateItem,10.0.5.87,{}
2025-07-01 21:20:00,user11@contoso.com,CreateItem,10.0.80.56,{}
2025-07-01 22:16:00,user5@contoso.com,DeleteItem,10.0.244.35,{}
2025-07-01 12:26:00,user13@contoso.com,SendMessage,10.0.105.158,{}
2025-07-02 06:41:00,user14@contoso.com,DeleteItem,10.0.243.81,{}
2025-07-01 18:35:00,user20@contoso.com,DeleteItem,10.0.103.234,{}
2025-07-01 08:15:00,user9@contoso.com,SendMessage,10.0.73.228,{}
2025-07-02 04:38:00,user3@contoso.com,CreateItem,10.0.126.168,{}
2025-07-01 23:42:00,user19@contoso.com,CreateItem,10.0.236.20,{}
2025-07-02 06:03:00,user3@contoso.com,CreateItem,10.0.233.177,{}
2025-07-02 04:55:00,user10@contoso.com,CreateItem,10.0.89.212,{}
2025-07-02 05:05:00,user8@contoso.com,SendMessage,10.0.221.234,{}
2025-07-01 14:15:00,user13@contoso.com,DeleteItem,10.0.48.201,{}
2025-07-01 13:23:00,user2@contoso.com,SendMessage,10.0.140.149,{}
2025-07-01 15:24:00,user3@contoso.com,DeleteItem,10.0.252.210,{}
2025-07-01 20:35:00,user18@contoso.com,SendMessage,10.0.39.53,{}
2025-07-01 21:59:00,user17@contoso.com,CreateItem,10.0.230.84,{}
2025-07-02 01:16:00,user9@contoso.com,SendMessage,10.0.22.236,{}
2025-07-02 05:48:00,user1@contoso.com,SendMessage,10.0.236.195,{}
2025-07-01 21:37:00,user11@contoso.com,DeleteItem,10.0.99.203,{}
2025-07-01 16:33:00,user2@contoso.com,SendMessage,10.0.58.69,{}
2025-07-01 23:50:00,user11@contoso.com,DeleteItem,10.0.248.236,{}
2025-07-02 02:43:00,user3@contoso.com,SendMessage,10.0.124.224,{}
2025-07-01 17:31:00,user5@contoso.com,CreateItem,10.0.82.87,{}
2025-07-01 11:25:00,user1@contoso.com,DeleteItem,10.0.90.150,{}
2025-07-01 21:20:00,user4@contoso.com,DeleteItem,10.0.86.39,{}
2025-07-01 17:19:00,user1@contoso.com,DeleteItem,10.0.78.225,{}
2025-07-01 15:23:00,user12@contoso.com,SendMessage,10.0.17.110,{}
2025-07-01 09:37:00,user15@contoso.com,DeleteItem,10.0.52.199,{}
2025-07-01 09:47:00,user10@contoso.com,CreateItem,10.0.2.24,{}
2025-07-01 16:31:00,user13@contoso.com,SendMessage,10.0.191.122,{}
2025-07-01 08:32:00,user7@contoso.com,SendMessage,10.0.215.14,{}
2025-07-01 14:33:00,user1@contoso.com,CreateItem,10.0.32.112,{}
2025-07-01 13:43:00,user4@contoso.com,DeleteItem,10.0.85.22,{}
2025-07-01 11:40:00,user14@contoso.com,DeleteItem,10.0.167.165,{}
2025-07-01 14:28:00,user18@contoso.com,DeleteItem,10.0.106.202,{}
2025-07-01 15:55:00,user14@contoso.com,SendMessage,10.0.109.54,{}
2025-07-01 13:55:00,user12@contoso.com,CreateItem,10.0.7.205,{}
2025-07-01 08:24:00,sarah.johnson@contoso.com,CreateItem,10.0.199.108,{}
2025-07-01 10:15:00,user15@contoso.com,SendMessage,10.0.142.188,{}
2025-07-01 15:27:00,user2@contoso.com,SendMessage,10.0.210.154,{}
2025-07-01 11:28:00,user20@contoso.com,CreateItem,10.0.87.128,{}
2025-07-01 19:04:00,user4@contoso.com,DeleteItem,10.0.198.68,{}
2025-07-02 05:41:00,user11@contoso.com,SendMessage,10.0.162.246,{}
2025-07-01 08:36:00,user3@contoso.com,CreateItem,10.0.229.195,{}
2025-07-01 15:56:00,user17@contoso.com,DeleteItem,10.0.6.119,{}
2025-07-01 12:14:00,user1@contoso.com,DeleteItem,10.0.158.121,{}
2025-07-02 05:09:00,user14@contoso.com,SendMessage,10.0.40.30,{}
2025-07-02 01:01:00,user5@contoso.com,CreateItem,10.0.151.103,{}
2025-07-01 14:58:00,user5@contoso.com,CreateItem,10.0.19.121,{}
2025-07-01 19:13:00,user20@contoso.com,CreateItem,10.0.68.142,{}
2025-07-01 09:21:00,user11@contoso.com,DeleteItem,10.0.212.147,{}
2025-07-01 19:18:00,user1@contoso.com,SendMessage,10.0.175.124,{}
2025-07-01 09:50:00,user7@contoso.com,DeleteItem,10.0.127.113,{}
2025-07-02 01:47:00,user20@contoso.com,CreateItem,10.0.164.93,{}
2025-07-01 08:12:00,user15@contoso.com,DeleteItem,10.0.33.251,{}
2025-07-01 09:46:00,user3@contoso.com,SendMessage,10.0.72.104,{}
2025-07-01 13:55:00,user5@contoso.com,SendMessage,10.0.104.120,{}
2025-07-01 22:32:00,user17@contoso.com,SendMessage,10.0.239.159,{}
2025-07-01 14:44:00,user6@contoso.com,DeleteItem,10.0.125.217,{}
2025-07-01 16:29:00,user6@contoso.com,DeleteItem,10.0.155.146,{}
2025-07-02 05:41:00,user19@contoso.com,CreateItem,10.0.103.139,{}
2025-07-01 20:16:00,user16@contoso.com,SendMessage,10.0.203.193,{}
2025-07-01 23:03:00,user6@contoso.com,CreateItem,10.0.216.221,{}
2025-07-01 08:40:00,user5@contoso.com,CreateItem,10.0.195.218,{}
2025-07-02 04:18:00,user3@contoso.com,CreateItem,10.0.78.89,{}
2025-07-01 23:49:00,user9@contoso.com,CreateItem,10.0.156.232,{}
2025-07-02 03:11:00,user10@contoso.com,CreateItem,10.0.246.36,{}
2025-07-02 00:01:00,user11@contoso.com,SendMessage,10.0.100.79,{}
2025-07-01 08:26:00,user7@contoso.com,SendMessage,10.0.191.251,{}
2025-07-01 21:28:00,user13@contoso.com,CreateItem,10.0.191.196,{}
2025-07-02 05:52:00,user16@contoso.com,CreateItem,10.0.36.209,{}
2025-07-01 21:08:00,user2@contoso.com,SendMessage,10.0.83.99,{}
2025-07-01 19:53:00,user14@contoso.com,CreateItem,10.0.250.188,{}
2025-07-01 21:09:00,user2@contoso.com,DeleteItem,10.0.217.126,{}
2025-07-01 09:10:00,user8@contoso.com,CreateItem,10.0.185.14,{}
2025-07-01 16:55:00,sarah.johnson@contoso.com,SendMessage,10.0.233.75,{}
2025-07-02 04:33:00,user9@contoso.com,SendMessage,10.0.82.6,{}
2025-07-02 05:59:00,user4@contoso.com,SendMessage,10.0.196.203,{}
2025-07-02 01:41:00,user19@contoso.com,SendMessage,10.0.96.216,{}
2025-07-01 16:37:00,user6@contoso.com,CreateItem,10.0.154.195,{}
2025-07-01 22:02:00,user19@contoso.com,CreateItem,10.0.45.55,{}
2025-07-01 19:45:00,sarah.johnson@contoso.com,DeleteItem,10.0.73.137,{}
2025-07-01 21:35:00,user7@contoso.com,DeleteItem,10.0.157.3,{}
2025-07-01 08:03:00,user6@contoso.com,CreateItem,10.0.49.35,{}
2025-07-01 22:13:00,user14@contoso.com,DeleteItem,10.0.147.220,{}
2025-07-01 20:47:00,user6@contoso.com,SendMessage,10.0.95.68,{}
2025-07-01 14:12:00,user7@contoso.com,CreateItem,10.0.56.230,{}
2025-07-01 14:20:00,user19@contoso.com,SendMessage,10.0.102.30,{}
2025-07-01 16:51:00,user6@contoso.com,SendMessage,10.0.209.225,{}
2025-07-01 11:43:00,sarah.johnson@contoso.com,DeleteItem,10.0.85.40,{}
2025-07-01 20:53:00,user10@contoso.com,SendMessage,10.0.63.141,{}
2025-07-01 09:00:00,user3@contoso.com,CreateItem,10.0.120.244,{}
2025-07-01 11:26:00,user16@contoso.com,DeleteItem,10.0.4.31,{}
2025-07-02 06:42:00,user9@contoso.com,SendMessage,10.0.21.49,{}
2025-07-01 08:14:00,user7@contoso.com,DeleteItem,10.0.192.136,{}
2025-07-01 19:30:00,user16@contoso.com,CreateItem,10.0.219.172,{}
2025-07-01 19:42:00,user12@contoso.com,DeleteItem,10.0.161.122,{}
2025-07-01 21:36:00,user12@contoso.com,DeleteItem,10.0.193.29,{}
2025-07-01 11:25:00,user12@contoso.com,CreateItem,10.0.1.233,{}
2025-07-01 12:44:00,user13@contoso.com,DeleteItem,10.0.13.62,{}
2025-07-02 07:52:00,user17@contoso.com,CreateItem,10.0.127.188,{}
2025-07-02 07:25:00,user15@contoso.com,DeleteItem,10.0.243.211,{}
2025-07-02 05:46:00,user7@contoso.com,SendMessage,10.0.164.8,{}
2025-07-01 09:33:00,sarah.johnson@contoso.com,CreateItem,10.0.166.227,{}
2025-07-02 00:32:00,user8@contoso.com,DeleteItem,10.0.204.41,{}
2025-07-02 00:15:00,user12@contoso.com,CreateItem,10.0.51.197,{}
2025-07-01 14:39:00,user10@contoso.com,DeleteItem,10.0.73.16,{}
2025-07-01 10:58:00,user5@contoso.com,CreateItem,10.0.154.239,{}
2025-07-01 11:56:00,user6@contoso.com,CreateItem,10.0.246.123,{}
2025-07-01 13:49:00,user8@contoso.com,SendMessage,10.0.45.54,{}
2025-07-01 08:59:00,user14@contoso.com,DeleteItem,10.0.82.167,{}
2025-07-01 15:31:00,user13@contoso.com,CreateItem,10.0.131.243,{}
2025-07-01 12:38:00,user4@contoso.com,DeleteItem,10.0.251.46,{}
2025-07-02 03:39:00,user11@contoso.com,SendMessage,10.0.33.175,{}
2025-07-01 21:01:00,user13@contoso.com,DeleteItem,10.0.223.119,{}
2025-07-01 11:56:00,user8@contoso.com,CreateItem,10.0.148.44,{}
2025-07-01 19:36:00,user4@contoso.com,SendMessage,10.0.96.59,{}
2025-07-01 12:20:00,user19@contoso.com,CreateItem,10.0.160.194,{}
2025-07-01 08:03:00,user19@contoso.com,DeleteItem,10.0.159.31,{}
2025-07-01 14:28:00,user19@contoso.com,DeleteItem,10.0.198.216,{}
2025-07-02 07:11:00,user11@contoso.com,CreateItem,10.0.64.113,{}
2025-07-01 08:18:00,user4@contoso.com,CreateItem,10.0.235.161,{}
2025-07-01 15:28:00,user5@contoso.com,CreateItem,10.0.255.233,{}
2025-07-01 17:40:00,user5@contoso.com,DeleteItem,10.0.74.17,{}
2025-07-01 18:32:00,user20@contoso.com,CreateItem,10.0.63.140,{}
2025-07-02 05:32:00,user19@contoso.com,CreateItem,10.0.110.253,{}
2025-07-01 20:51:00,user10@contoso.com,DeleteItem,10.0.30.170,{}
2025-07-01 15:11:00,user5@contoso.com,DeleteItem,10.0.115.26,{}
2025-07-01 21:22:00,user6@contoso.com,CreateItem,10.0.153.81,{}
2025-07-01 21:23:00,user1@contoso.com,DeleteItem,10.0.172.216,{}
2025-07-01 21:21:00,user16@contoso.com,CreateItem,10.0.200.36,{}
2025-07-01 17:39:00,user17@contoso.com,DeleteItem,10.0.144.99,{}
2025-07-01 11:19:00,user18@contoso.com,CreateItem,10.0.67.165,{}
2025-07-01 18:22:00,user19@contoso.com,SendMessage,10.0.234.83,{}
2025-07-01 23:04:00,user19@contoso.com,SendMessage,10.0.247.149,{}
2025-07-01 15:26:00,user5@contoso.com,SendMessage,10.0.100.4,{}
2025-07-02 03:38:00,user12@contoso.com,DeleteItem,10.0.52.75,{}
2025-07-02 07:11:00,user13@contoso.com,CreateItem,10.0.86.28,{}
2025-07-02 00:10:00,user4@contoso.com,CreateItem,10.0.91.26,{}
2025-07-02 06:11:00,user4@contoso.com,DeleteItem,10.0.173.222,{}
2025-07-01 21:47:00,user5@contoso.com,DeleteItem,10.0.125.17,{}
2025-07-01 21:32:00,user4@contoso.com,SendMessage,10.0.250.154,{}
2025-07-02 06:16:00,user20@contoso.com,SendMessage,10.0.192.45,{}
2025-07-01 21:02:00,user15@contoso.com,DeleteItem,10.0.140.227,{}
2025-07-01 12:05:00,user12@contoso.com,SendMessage,10.0.59.42,{}
2025-07-02 05:53:00,user4@contoso.com,CreateItem,10.0.115.11,{}
2025-07-02 03:32:00,user19@contoso.com,DeleteItem,10.0.245.140,{}
2025-07-01 14:10:00,user4@contoso.com,DeleteItem,10.0.196.247,{}
2025-07-01 22:48:00,sarah.johnson@contoso.com,DeleteItem,10.0.152.64,{}
2025-07-01 10:10:00,user4@contoso.com,CreateItem,10.0.94.207,{}
2025-07-02 02:58:00,user1@contoso.com,CreateItem,10.0.250.32,{}
2025-07-02 02:23:00,user17@contoso.com,DeleteItem,10.0.63.106,{}
2025-07-02 04:26:00,user4@contoso.com,SendMessage,10.0.92.2,{}
2025-07-01 18:43:00,user18@contoso.com,CreateItem,10.0.62.20,{}
2025-07-01 15:02:00,user5@contoso.com,DeleteItem,10.0.82.44,{}
2025-07-01 09:11:00,user18@contoso.com,CreateItem,10.0.43.63,{}
2025-07-01 20:24:00,user17@contoso.com,CreateItem,10.0.87.216,{}
2025-07-01 18:15:00,user1@contoso.com,SendMessage,10.0.23.150,{}
2025-07-01 12:46:00,user18@contoso.com,CreateItem,10.0.251.160,{}
2025-07-02 04:41:00,user17@contoso.com,CreateItem,10.0.107.50,{}
2025-07-01 09:15:00,user2@contoso.com,SendMessage,10.0.96.72,{}
2025-07-01 12:34:00,user10@contoso.com,SendMessage,10.0.110.183,{}
2025-07-02 05:14:00,user9@contoso.com,SendMessage,10.0.216.38,{}
2025-07-01 16:53:00,user18@contoso.com,CreateItem,10.0.195.83,{}
2025-07-01 10:50:00,user13@contoso.com,CreateItem,10.0.130.217,{}
2025-07-01 14:57:00,user5@contoso.com,DeleteItem,10.0.36.137,{}
2025-07-02 06:02:00,sarah.johnson@contoso.com,DeleteItem,10.0.98.190,{}
2025-07-02 06:06:00,user19@contoso.com,DeleteItem,10.0.83.214,{}
2025-07-01 22:48:00,user5@contoso.com,CreateItem,10.0.194.13,{}
2025-07-01 10:38:00,user20@contoso.com,SendMessage,10.0.138.63,{}
2025-07-02 07:20:00,user18@contoso.com,SendMessage,10.0.208.33,{}
2025-07-01 11:02:00,user11@contoso.com,DeleteItem,10.0.185.170,{}
2025-07-01 15:42:00,user9@contoso.com,SendMessage,10.0.140.5,{}
2025-07-01 15:35:00,user4@contoso.com,CreateItem,10.0.193.53,{}
2025-07-02 01:58:00,user4@contoso.com,SendMessage,10.0.156.250,{}
2025-07-01 19:54:00,user4@contoso.com,DeleteItem,10.0.144.138,{}
2025-07-01 09:38:00,user20@contoso.com,SendMessage,10.0.87.162,{}
2025-07-01 19:46:00,user13@contoso.com,SendMessage,10.0.206.244,{}
2025-07-01 16:50:00,user19@contoso.com,SendMessage,10.0.4.79,{}
2025-07-01 20:55:00,user5@contoso.com,SendMessage,10.0.136.27,{}
2025-07-01 16:30:00,sarah.johnson@contoso.com,CreateItem,10.0.214.234,{}
2025-07-01 20:04:00,user6@contoso.com,CreateItem,10.0.239.146,{}
2025-07-02 01:46:00,user9@contoso.com,CreateItem,10.0.117.156,{}
2025-07-01 18:25:00,sarah.johnson@contoso.com,SendMessage,10.0.208.160,{}
2025-07-01 10:42:00,user3@contoso.com,DeleteItem,10.0.39.122,{}
2025-07-02 03:38:00,user3@contoso.com,SendMessage,10.0.29.43,{}
2025-07-02 00:49:00,user10@contoso.com,DeleteItem,10.0.5.217,{}
2025-07-01 12:39:00,user17@contoso.com,DeleteItem,10.0.245.254,{}
2025-07-02 07:06:00,user17@contoso.com,DeleteItem,10.0.63.207,{}
2025-07-01 14:29:00,user1@contoso.com,DeleteItem,10.0.3.217,{}
2025-07-01 19:46:00,user18@contoso.com,DeleteItem,10.0.125.21,{}
2025-07-01 13:45:00,user20@contoso.com,CreateItem,10.0.115.89,{}
2025-07-01 12:33:00,user3@contoso.com,CreateItem,10.0.180.26,{}
2025-07-01 20:56:00,user14@contoso.com,CreateItem,10.0.87.191,{}
2025-07-02 07:10:00,user4@contoso.com,CreateItem,10.0.127.60,{}
2025-07-02 00:29:00,user10@contoso.com,CreateItem,10.0.150.135,{}
2025-07-02 05:32:00,user7@contoso.com,SendMessage,10.0.201.111,{}
2025-07-02 01:35:00,user10@contoso.com,DeleteItem,10.0.18.237,{}
2025-07-01 09:57:00,user20@contoso.com,CreateItem,10.0.182.3,{}
2025-07-01 19:12:00,user20@contoso.com,CreateItem,10.0.152.181,{}
2025-07-01 19:56:00,user4@contoso.com,SendMessage,10.0.95.205,{}
2025-07-01 11:27:00,user12@contoso.com,SendMessage,10.0.220.251,{}
2025-07-02 02:03:00,user7@contoso.com,SendMessage,10.0.78.210,{}
2025-07-01 08:14:00,user4@contoso.com,CreateItem,10.0.79.128,{}
2025-07-01 21:29:00,user8@contoso.com,CreateItem,10.0.191.153,{}
2025-07-01 14:13:00,user12@contoso.com,CreateItem,10.0.137.55,{}
2025-07-01 22:59:00,user15@contoso.com,DeleteItem,10.0.82.71,{}
2025-07-01 22:48:00,user12@contoso.com,DeleteItem,10.0.2.183,{}
2025-07-01 14:28:00,user7@contoso.com,SendMessage,10.0.145.20,{}
2025-07-01 22:22:00,user5@contoso.com,CreateItem,10.0.169.16,{}
2025-07-01 14:47:00,user6@contoso.com,DeleteItem,10.0.245.136,{}
2025-07-02 00:41:00,user4@contoso.com,CreateItem,10.0.253.65,{}
2025-07-02 01:07:00,user11@contoso.com,CreateItem,10.0.199.67,{}
2025-07-01 08:43:00,user4@contoso.com,SendMessage,10.0.64.79,{}
2025-07-01 08:27:00,user12@contoso.com,DeleteItem,10.0.121.26,{}
2025-07-02 04:22:00,user11@contoso.com,CreateItem,10.0.4.222,{}
2025-07-01 17:37:00,user16@contoso.com,CreateItem,10.0.248.42,{}
2025-07-02 05:04:00,user14@contoso.com,SendMessage,10.0.78.95,{}
2025-07-01 11:55:00,user8@contoso.com,CreateItem,10.0.134.126,{}
2025-07-02 00:10:00,user14@contoso.com,SendMessage,10.0.52.92,{}
2025-07-02 05:28:00,user7@contoso.com,DeleteItem,10.0.76.117,{}
2025-07-01 21:41:00,user4@contoso.com,SendMessage,10.0.19.140,{}
2025-07-01 22:33:00,user7@contoso.com,SendMessage,10.0.9.102,{}
2025-07-01 20:58:00,user3@contoso.com,SendMessage,10.0.208.156,{}
2025-07-01 15:34:00,sarah.johnson@contoso.com,SendMessage,10.0.172.218,{}
2025-07-02 01:24:00,user16@contoso.com,SendMessage,10.0.218.26,{}
2025-07-01 17:11:00,user10@contoso.com,SendMessage,10.0.186.143,{}
2025-07-01 22:16:00,user12@contoso.com,DeleteItem,10.0.126.163,{}
2025-07-01 09:23:00,user2@contoso.com,SendMessage,10.0.0.26,{}
2025-07-01 17:44:00,user11@contoso.com,SendMessage,10.0.241.143,{}
2025-07-01 22:42:00,user20@contoso.com,SendMessage,10.0.94.129,{}
2025-07-01 19:24:00,user16@contoso.com,CreateItem,10.0.155.57,{}
2025-07-01 08:27:00,user4@contoso.com,DeleteItem,10.0.66.169,{}
2025-07-01 20:20:00,user12@contoso.com,DeleteItem,10.0.190.121,{}
2025-07-01 15:10:00,sarah.johnson@contoso.com,CreateItem,10.0.196.44,{}
2025-07-02 05:29:00,user4@contoso.com,SendMessage,10.0.61.21,{}
2025-07-01 14:30:00,user19@contoso.com,DeleteItem,10.0.98.228,{}
2025-07-02 02:39:00,user4@contoso.com,SendMessage,10.0.175.154,{}
2025-07-02 02:12:00,user16@contoso.com,SendMessage,10.0.78.22,{}
2025-07-01 22:16:00,user5@contoso.com,SendMessage,10.0.129.177,{}
2025-07-02 05:29:00,user12@contoso.com,CreateItem,10.0.60.223,{}
2025-07-01 22:18:00,user3@contoso.com,CreateItem,10.0.11.85,{}
2025-07-02 07:46:00,user20@contoso.com,CreateItem,10.0.66.148,{}
2025-07-01 10:04:00,user2@contoso.com,DeleteItem,10.0.97.203,{}
2025-07-02 02:10:00,user16@contoso.com,DeleteItem,10.0.38.84,{}
2025-07-01 21:06:00,user15@contoso.com,DeleteItem,10.0.199.205,{}
2025-07-01 15:03:00,user20@contoso.com,CreateItem,10.0.94.1,{}
2025-07-01 15:26:00,user6@contoso.com,DeleteItem,10.0.4.233,{}
2025-07-02 01:55:00,user17@contoso.com,DeleteItem,10.0.132.155,{}
2025-07-01 17:09:00,user8@contoso.com,CreateItem,10.0.60.87,{}
2025-07-02 02:12:00,user8@contoso.com,SendMessage,10.0.121.149,{}
2025-07-01 13:03:00,user2@contoso.com,DeleteItem,10.0.142.68,{}
2025-07-02 05:55:00,user9@contoso.com,SendMessage,10.0.127.107,{}
2025-07-01 08:02:00,user18@contoso.com,SendMessage,10.0.177.188,{}
2025-07-02 02:44:00,user11@contoso.com,SendMessage,10.0.135.68,{}
2025-07-01 18:03:00,user14@contoso.com,DeleteItem,10.0.166.29,{}
2025-07-01 20:08:00,sarah.johnson@contoso.com,SendMessage,10.0.112.143,{}
2025-07-01 08:32:00,user6@contoso.com,CreateItem,10.0.54.195,{}
2025-07-02 05:22:00,sarah.johnson@contoso.com,CreateItem,10.0.105.226,{}
2025-07-01 17:10:00,user8@contoso.com,CreateItem,10.0.104.202,{}
2025-07-01 15:54:00,user5@contoso.com,CreateItem,10.0.222.188,{}
2025-07-01 11:11:00,user5@contoso.com,CreateItem,10.0.253.92,{}
2025-07-01 14:00:00,user15@contoso.com,SendMessage,10.0.96.251,{}
2025-07-01 17:37:00,user6@contoso.com,DeleteItem,10.0.10.158,{}
2025-07-01 21:27:00,user6@contoso.com,SendMessage,10.0.96.35,{}
2025-07-01 22:33:00,user5@contoso.com,SendMessage,10.0.125.232,{}
2025-07-01 11:25:00,sarah.johnson@contoso.com,CreateItem,10.0.70.6,{}
2025-07-01 20:53:00,user20@contoso.com,SendMessage,10.0.196.10,{}
2025-07-02 05:59:00,user4@contoso.com,SendMessage,10.0.22.67,{}
2025-07-01 17:08:00,user8@contoso.com,SendMessage,10.0.73.6,{}
2025-07-02 02:30:00,user1@contoso.com,SendMessage,10.0.173.43,{}
2025-07-02 00:23:00,user7@contoso.com,SendMessage,10.0.227.83,{}
2025-07-02 00:20:00,user10@contoso.com,CreateItem,10.0.79.124,{}
2025-07-02 07:37:00,user2@contoso.com,DeleteItem,10.0.136.63,{}
2025-07-01 11:30:00,user1@contoso.com,SendMessage,10.0.151.52,{}
2025-07-01 12:50:00,user17@contoso.com,CreateItem,10.0.0.114,{}
2025-07-01 22:34:00,user1@contoso.com,SendMessage,10.0.197.75,{}
2025-07-01 17:47:00,user12@contoso.com,DeleteItem,10.0.115.196,{}
2025-07-01 13:47:00,user4@contoso.com,CreateItem,10.0.56.114,{}
2025-07-01 20:11:00,user4@contoso.com,CreateItem,10.0.39.170,{}
2025-07-01 10:53:00,user4@contoso.com,CreateItem,10.0.22.77,{}
2025-07-02 02:06:00,user6@contoso.com,CreateItem,10.0.171.92,{}
2025-07-02 06:46:00,user14@contoso.com,SendMessage,10.0.154.146,{}
2025-07-01 17:15:00,user12@contoso.com,SendMessage,10.0.255.188,{}
2025-07-01 10:36:00,user9@contoso.com,DeleteItem,10.0.1.76,{}
2025-07-01 18:55:00,sarah.johnson@contoso.com,SendMessage,10.0.75.199,{}
2025-07-02 00:19:00,user15@contoso.com,DeleteItem,10.0.34.57,{}
2025-07-01 17:30:00,user19@contoso.com,CreateItem,10.0.74.46,{}
2025-07-01 14:12:00,user11@contoso.com,SendMessage,10.0.197.180,{}
2025-07-01 22:28:00,user11@contoso.com,CreateItem,10.0.246.211,{}
2025-07-01 19:22:00,user20@contoso.com,DeleteItem,10.0.70.125,{}
2025-07-02 02:45:00,user13@contoso.com,CreateItem,10.0.254.252,{}
2025-07-01 15:51:00,user18@contoso.com,DeleteItem,10.0.196.42,{}
2025-07-01 22:23:00,user19@contoso.com,DeleteItem,10.0.112.44,{}
2025-07-01 08:05:00,user8@contoso.com,CreateItem,10.0.104.8,{}
2025-07-02 00:10:00,user12@contoso.com,DeleteItem,10.0.68.56,{}
2025-07-01 20:19:00,user2@contoso.com,CreateItem,10.0.71.150,{}
2025-07-02 02:49:00,user15@contoso.com,SendMessage,10.0.215.124,{}
2025-07-01 09:54:00,user7@contoso.com,SendMessage,10.0.70.60,{}
2025-07-01 08:53:00,user5@contoso.com,CreateItem,10.0.217.190,{}
2025-07-01 11:37:00,user2@contoso.com,DeleteItem,10.0.37.244,{}
2025-07-01 09:01:00,user20@contoso.com,SendMessage,10.0.75.187,{}
2025-07-01 16:21:00,user5@contoso.com,SendMessage,10.0.39.6,{}
2025-07-01 13:06:00,user19@contoso.com,CreateItem,10.0.93.240,{}
2025-07-02 02:00:00,user5@contoso.com,DeleteItem,10.0.153.240,{}
2025-07-01 19:30:00,user14@contoso.com,DeleteItem,10.0.227.6,{}
2025-07-01 13:19:00,user10@contoso.com,SendMessage,10.0.30.16,{}
2025-07-02 01:10:00,user20@contoso.com,SendMessage,10.0.82.5,{}
2025-07-02 07:12:00,user13@contoso.com,CreateItem,10.0.232.132,{}
2025-07-01 18:26:00,user19@contoso.com,DeleteItem,10.0.116.216,{}
2025-07-01 11:08:00,user6@contoso.com,CreateItem,10.0.193.64,{}
2025-07-02 05:07:00,user7@contoso.com,CreateItem,10.0.28.112,{}
2025-07-02 03:05:00,user13@contoso.com,SendMessage,10.0.39.239,{}
2025-07-02 06:16:00,user16@contoso.com,CreateItem,10.0.207.194,{}
2025-07-01 20:40:00,user6@contoso.com,SendMessage,10.0.217.99,{}
2025-07-01 11:33:00,user9@contoso.com,SendMessage,10.0.39.185,{}
2025-07-01 08:57:00,user20@contoso.com,CreateItem,10.0.122.144,{}
2025-07-01 11:38:00,user6@contoso.com,DeleteItem,10.0.33.108,{}
2025-07-01 18:33:00,user20@contoso.com,SendMessage,10.0.96.103,{}
2025-07-01 16:12:00,sarah.johnson@contoso.com,SendMessage,10.0.137.43,{}
2025-07-01 09:31:00,user19@contoso.com,DeleteItem,10.0.247.23,{}
2025-07-01 11:10:00,user2@contoso.com,CreateItem,10.0.158.4,{}
2025-07-01 21:35:00,user12@contoso.com,CreateItem,10.0.99.161,{}
2025-07-01 20:08:00,user13@contoso.com,DeleteItem,10.0.66.49,{}
2025-07-02 01:11:00,user11@contoso.com,CreateItem,10.0.51.76,{}
2025-07-01 21:02:00,user1@contoso.com,DeleteItem,10.0.244.19,{}
2025-07-01 13:10:00,user10@contoso.com,SendMessage,10.0.237.40,{}
2025-07-01 15:54:00,sarah.johnson@contoso.com,SendMessage,10.0.110.72,{}
2025-07-02 01:37:00,user6@contoso.com,DeleteItem,10.0.174.229,{}
2025-07-01 17:55:00,user5@contoso.com,CreateItem,10.0.184.220,{}
2025-07-02 07:18:00,user2@contoso.com,DeleteItem,10.0.198.122,{}
2025-07-02 04:42:00,user7@contoso.com,DeleteItem,10.0.38.78,{}
2025-07-02 00:58:00,user19@contoso.com,DeleteItem,10.0.49.7,{}
2025-07-02 02:40:00,user5@contoso.com,CreateItem,10.0.44.255,{}
2025-07-01 18:42:00,user4@contoso.com,CreateItem,10.0.86.151,{}
2025-07-01 17:33:00,user6@contoso.com,SendMessage,10.0.186.180,{}
2025-07-01 14:06:00,user3@contoso.com,SendMessage,10.0.235.132,{}
2025-07-01 23:05:00,user16@contoso.com,CreateItem,10.0.71.63,{}
2025-07-01 09:21:00,user19@contoso.com,CreateItem,10.0.186.146,{}
2025-07-02 05:09:00,user13@contoso.com,CreateItem,10.0.66.225,{}
2025-07-02 05:19:00,user12@contoso.com,DeleteItem,10.0.160.191,{}
2025-07-01 22:06:00,user3@contoso.com,DeleteItem,10.0.230.134,{}
2025-07-02 05:58:00,user2@contoso.com,DeleteItem,10.0.29.125,{}
2025-07-01 13:16:00,user18@contoso.com,SendMessage,10.0.53.148,{}
2025-07-02 03:27:00,user13@contoso.com,SendMessage,10.0.204.37,{}
2025-07-01 23:46:00,user8@contoso.com,CreateItem,10.0.47.178,{}
2025-07-02 05:55:00,user15@contoso.com,CreateItem,10.0.238.55,{}
2025-07-01 11:41:00,user3@contoso.com,SendMessage,10.0.203.221,{}
2025-07-01 19:13:00,user7@contoso.com,CreateItem,10.0.33.162,{}
2025-07-02 00:35:00,user11@contoso.com,DeleteItem,10.0.108.243,{}
2025-07-01 23:30:00,user4@contoso.com,CreateItem,10.0.19.79,{}
2025-07-02 05:51:00,user16@contoso.com,SendMessage,10.0.109.163,{}
2025-07-02 04:31:00,user19@contoso.com,SendMessage,10.0.194.31,{}
2025-07-02 00:09:00,user12@contoso.com,CreateItem,10.0.109.27,{}
2025-07-02 07:20:00,user7@contoso.com,SendMessage,10.0.216.138,{}
2025-07-01 14:00:00,user9@contoso.com,DeleteItem,10.0.42.72,{}
2025-07-01 21:49:00,user3@contoso.com,CreateItem,10.0.41.152,{}
2025-07-02 01:54:00,user15@contoso.com,CreateItem,10.0.109.132,{}
2025-07-01 11:09:00,user6@contoso.com,SendMessage,10.0.219.175,{}
2025-07-01 14:46:00,user10@contoso.com,SendMessage,10.0.178.214,{}
2025-07-02 02:16:00,user16@contoso.com,CreateItem,10.0.82.223,{}
2025-07-02 03:28:00,user12@contoso.com,DeleteItem,10.0.199.5,{}
2025-07-01 14:46:00,user18@contoso.com,DeleteItem,10.0.39.74,{}
2025-07-01 18:48:00,user11@contoso.com,DeleteItem,10.0.7.77,{}
2025-07-02 01:02:00,user15@contoso.com,SendMessage,10.0.162.58,{}
2025-07-02 01:46:00,user14@contoso.com,CreateItem,10.0.1.230,{}
2025-07-01 23:20:00,user5@contoso.com,DeleteItem,10.0.49.18,{}
2025-07-01 14:24:00,user7@contoso.com,DeleteItem,10.0.215.85,{}
2025-07-01 15:22:00,user20@contoso.com,CreateItem,10.0.178.107,{}
2025-07-02 03:41:00,user7@contoso.com,DeleteItem,10.0.7.189,{}
2025-07-01 18:18:00,user12@contoso.com,SendMessage,10.0.157.63,{}
2025-07-01 23:33:00,user16@contoso.com,DeleteItem,10.0.211.210,{}
2025-07-02 02:30:00,user12@contoso.com,CreateItem,10.0.218.171,{}
2025-07-01 23:39:00,user4@contoso.com,SendMessage,10.0.219.191,{}
2025-07-02 04:18:00,user6@contoso.com,DeleteItem,10.0.83.223,{}
2025-07-02 06:30:00,user13@contoso.com,CreateItem,10.0.223.145,{}
2025-07-01 10:59:00,user20@contoso.com,SendMessage,10.0.53.45,{}
2025-07-02 05:02:00,sarah.johnson@contoso.com,SendMessage,10.0.210.53,{}
2025-07-02 05:17:00,user16@contoso.com,DeleteItem,10.0.51.227,{}
2025-07-01 09:06:00,user17@contoso.com,DeleteItem,10.0.148.215,{}
2025-07-01 23:31:00,user7@contoso.com,SendMessage,10.0.195.58,{}
2025-07-01 12:14:00,user7@contoso.com,CreateItem,10.0.179.237,{}
2025-07-01 21:30:00,user14@contoso.com,DeleteItem,10.0.3.191,{}
2025-07-01 17:40:00,user8@contoso.com,DeleteItem,10.0.137.135,{}
2025-07-02 06:58:00,user10@contoso.com,CreateItem,10.0.123.2,{}
2025-07-01 08:31:00,user14@contoso.com,SendMessage,10.0.13.78,{}
2025-07-02 04:28:00,user12@contoso.com,DeleteItem,10.0.162.171,{}
2025-07-01 22:40:00,user6@contoso.com,DeleteItem,10.0.123.200,{}
2025-07-02 05:59:00,user7@contoso.com,DeleteItem,10.0.201.26,{}
2025-07-01 12:23:00,user19@contoso.com,CreateItem,10.0.199.88,{}
2025-07-02 01:39:00,user13@contoso.com,CreateItem,10.0.81.223,{}
2025-07-01 14:45:00,sarah.johnson@contoso.com,Set-Mailbox,92.63.194.12,"{'ForwardingSmtpAddress': 'sarah.forwarding@gmail.com', 'ForwardingEnabled': True}"
