TimeGenerated,UserPrincipalName,IPAddress,Location,Status,DeviceDetail
2025-07-01 16:21:00,sarah.johnson@contoso.com,192.168.57.12,"Dublin, IE",Success,Chrome on Windows
2025-07-01 09:05:00,user5@contoso.com,192.168.52.44,"Berlin, DE",Success,Chrome on Windows
2025-07-02 03:09:00,user3@contoso.com,192.168.111.119,"London, UK",Success,Chrome on Windows
2025-07-02 04:06:00,sarah.johnson@contoso.com,192.168.214.112,"Berlin, DE",Success,Edge on Windows
2025-07-01 17:29:00,user1@contoso.com,192.168.81.216,"Dublin, IE",Success,Chrome on Windows
2025-07-01 20:58:00,user7@contoso.com,192.168.172.52,"London, UK",Success,Chrome on Windows
2025-07-01 23:40:00,user12@contoso.com,192.168.176.135,"London, UK",Success,Safari on Mac
2025-07-02 05:27:00,user4@contoso.com,192.168.193.40,"Dublin, IE",Success,Safari on Mac
2025-07-02 06:34:00,user12@contoso.com,192.168.98.35,"London, UK",Success,Chrome on Windows
2025-07-01 20:58:00,user10@contoso.com,192.168.40.119,"London, UK",Success,Edge on Windows
2025-07-01 20:07:00,user15@contoso.com,192.168.186.83,"Dublin, IE",Success,Chrome on Windows
2025-07-01 13:34:00,user9@contoso.com,192.168.36.87,"New York, USA",Success,Edge on Windows
2025-07-01 09:54:00,user13@contoso.com,192.168.138.112,"Dublin, IE",Success,Chrome on Windows
2025-07-01 10:15:00,user2@contoso.com,192.168.161.205,"Dublin, IE",Success,Chrome on Windows
2025-07-01 21:30:00,user19@contoso.com,192.168.161.108,"Berlin, DE",Success,Safari on Mac
2025-07-01 16:25:00,user15@contoso.com,192.168.73.135,"New York, USA",Success,Safari on Mac
2025-07-01 20:21:00,user18@contoso.com,192.168.134.219,"Berlin, DE",Success,Chrome on Windows
2025-07-01 11:44:00,user5@contoso.com,192.168.252.46,"London, UK",Success,Chrome on Windows
2025-07-01 21:08:00,sarah.johnson@contoso.com,192.168.81.216,"London, UK",Success,Edge on Windows
2025-07-02 07:13:00,user20@contoso.com,192.168.239.128,"London, UK",Success,Safari on Mac
2025-07-01 18:01:00,user4@contoso.com,192.168.136.174,"London, UK",Success,Edge on Windows
2025-07-02 01:05:00,user6@contoso.com,192.168.232.1,"Dublin, IE",Success,Chrome on Windows
2025-07-01 13:13:00,user17@contoso.com,192.168.54.152,"New York, USA",Success,Edge on Windows
2025-07-01 08:39:00,user6@contoso.com,192.168.0.165,"Berlin, DE",Success,Chrome on Windows
2025-07-01 16:13:00,user12@contoso.com,192.168.157.122,"London, UK",Success,Safari on Mac
2025-07-02 02:10:00,user3@contoso.com,192.168.43.248,"London, UK",Success,Chrome on Windows
2025-07-02 02:00:00,user5@contoso.com,192.168.243.84,"Dublin, IE",Success,Safari on Mac
2025-07-01 21:37:00,user14@contoso.com,192.168.108.102,"Dublin, IE",Success,Safari on Mac
2025-07-01 12:07:00,sarah.johnson@contoso.com,192.168.191.224,"Berlin, DE",Success,Chrome on Windows
2025-07-02 04:04:00,user8@contoso.com,192.168.32.173,"London, UK",Success,Safari on Mac
2025-07-02 05:32:00,user8@contoso.com,192.168.112.3,"London, UK",Success,Chrome on Windows
2025-07-01 10:25:00,user8@contoso.com,192.168.34.16,"Dublin, IE",Success,Safari on Mac
2025-07-02 02:24:00,user8@contoso.com,192.168.142.248,"New York, USA",Success,Chrome on Windows
2025-07-01 21:53:00,user19@contoso.com,192.168.242.124,"Berlin, DE",Success,Chrome on Windows
2025-07-01 22:27:00,user4@contoso.com,192.168.49.220,"Dublin, IE",Success,Edge on Windows
2025-07-01 21:44:00,user15@contoso.com,192.168.27.50,"London, UK",Success,Safari on Mac
2025-07-01 14:29:00,user11@contoso.com,192.168.55.127,"New York, USA",Success,Safari on Mac
2025-07-01 17:30:00,user15@contoso.com,192.168.71.216,"New York, USA",Success,Edge on Windows
2025-07-01 09:43:00,user8@contoso.com,192.168.38.226,"London, UK",Success,Safari on Mac
2025-07-01 13:40:00,user18@contoso.com,192.168.7.47,"New York, USA",Success,Edge on Windows
2025-07-01 10:00:00,user16@contoso.com,192.168.246.109,"Berlin, DE",Success,Chrome on Windows
2025-07-01 23:31:00,user13@contoso.com,192.168.1.199,"Dublin, IE",Success,Edge on Windows
2025-07-01 18:07:00,user14@contoso.com,192.168.249.79,"New York, USA",Success,Chrome on Windows
2025-07-01 09:42:00,user2@contoso.com,192.168.31.160,"London, UK",Success,Safari on Mac
2025-07-01 14:20:00,user16@contoso.com,192.168.80.29,"London, UK",Success,Chrome on Windows
2025-07-01 12:05:00,user20@contoso.com,192.168.34.120,"Berlin, DE",Success,Safari on Mac
2025-07-02 06:26:00,user8@contoso.com,192.168.20.41,"Berlin, DE",Success,Safari on Mac
2025-07-02 06:51:00,user19@contoso.com,192.168.161.133,"New York, USA",Success,Safari on Mac
2025-07-01 12:28:00,user11@contoso.com,192.168.122.135,"Berlin, DE",Success,Safari on Mac
2025-07-01 10:28:00,sarah.johnson@contoso.com,192.168.153.234,"Dublin, IE",Success,Chrome on Windows
2025-07-02 01:16:00,user15@contoso.com,192.168.51.37,"New York, USA",Success,Edge on Windows
2025-07-01 20:36:00,user5@contoso.com,192.168.178.35,"New York, USA",Success,Edge on Windows
2025-07-02 06:47:00,user6@contoso.com,192.168.224.154,"London, UK",Success,Safari on Mac
2025-07-01 11:56:00,user10@contoso.com,192.168.53.68,"Dublin, IE",Success,Chrome on Windows
2025-07-02 04:38:00,user18@contoso.com,192.168.79.139,"Dublin, IE",Success,Chrome on Windows
2025-07-01 16:34:00,user11@contoso.com,192.168.104.135,"Berlin, DE",Success,Chrome on Windows
2025-07-01 08:07:00,user3@contoso.com,192.168.216.141,"London, UK",Success,Edge on Windows
2025-07-02 02:49:00,user5@contoso.com,192.168.134.82,"Berlin, DE",Success,Safari on Mac
2025-07-02 07:35:00,user14@contoso.com,192.168.4.57,"London, UK",Success,Chrome on Windows
2025-07-01 22:40:00,user18@contoso.com,192.168.18.189,"New York, USA",Success,Chrome on Windows
2025-07-01 20:12:00,user2@contoso.com,192.168.157.186,"London, UK",Success,Chrome on Windows
2025-07-02 05:11:00,user8@contoso.com,192.168.52.181,"Berlin, DE",Success,Safari on Mac
2025-07-01 22:04:00,user5@contoso.com,192.168.121.83,"New York, USA",Success,Chrome on Windows
2025-07-01 17:06:00,user6@contoso.com,192.168.170.210,"New York, USA",Success,Chrome on Windows
2025-07-01 15:35:00,user4@contoso.com,192.168.195.19,"Berlin, DE",Success,Chrome on Windows
2025-07-01 15:36:00,user15@contoso.com,192.168.179.156,"New York, USA",Success,Chrome on Windows
2025-07-01 10:22:00,user7@contoso.com,192.168.204.168,"Dublin, IE",Success,Edge on Windows
2025-07-01 11:56:00,user12@contoso.com,192.168.204.169,"London, UK",Success,Edge on Windows
2025-07-02 04:21:00,user6@contoso.com,192.168.135.19,"London, UK",Success,Edge on Windows
2025-07-01 21:08:00,user12@contoso.com,192.168.160.223,"London, UK",Success,Safari on Mac
2025-07-01 08:03:00,user7@contoso.com,192.168.130.22,"Berlin, DE",Success,Safari on Mac
2025-07-01 10:23:00,user18@contoso.com,192.168.100.186,"Berlin, DE",Success,Safari on Mac
2025-07-02 01:18:00,user11@contoso.com,192.168.160.63,"Dublin, IE",Success,Edge on Windows
2025-07-02 02:55:00,user14@contoso.com,192.168.167.206,"Dublin, IE",Success,Chrome on Windows
2025-07-02 05:00:00,user7@contoso.com,192.168.215.194,"New York, USA",Success,Safari on Mac
2025-07-01 17:47:00,user10@contoso.com,192.168.207.0,"Dublin, IE",Success,Chrome on Windows
2025-07-01 23:05:00,user14@contoso.com,192.168.164.238,"Berlin, DE",Success,Safari on Mac
2025-07-01 17:41:00,user7@contoso.com,192.168.242.86,"London, UK",Success,Safari on Mac
2025-07-02 06:57:00,sarah.johnson@contoso.com,192.168.171.47,"New York, USA",Success,Edge on Windows
2025-07-01 09:34:00,user8@contoso.com,192.168.101.75,"London, UK",Success,Chrome on Windows
2025-07-02 05:29:00,user16@contoso.com,192.168.37.233,"Berlin, DE",Success,Safari on Mac
2025-07-01 16:19:00,user7@contoso.com,192.168.196.253,"Berlin, DE",Success,Chrome on Windows
2025-07-01 15:28:00,sarah.johnson@contoso.com,192.168.2.54,"Berlin, DE",Success,Chrome on Windows
2025-07-01 12:08:00,user17@contoso.com,192.168.237.25,"New York, USA",Success,Edge on Windows
2025-07-02 04:54:00,user5@contoso.com,192.168.237.162,"Berlin, DE",Success,Safari on Mac
2025-07-02 00:12:00,user17@contoso.com,192.168.218.228,"New York, USA",Success,Edge on Windows
2025-07-02 05:23:00,user9@contoso.com,192.168.126.141,"Berlin, DE",Success,Chrome on Windows
2025-07-01 16:00:00,user9@contoso.com,192.168.225.39,"Dublin, IE",Success,Edge on Windows
2025-07-01 13:08:00,user11@contoso.com,192.168.163.41,"New York, USA",Success,Chrome on Windows
2025-07-01 22:09:00,user13@contoso.com,192.168.78.109,"London, UK",Success,Edge on Windows
2025-07-01 15:03:00,user11@contoso.com,192.168.238.212,"London, UK",Success,Edge on Windows
2025-07-01 08:12:00,user13@contoso.com,192.168.10.194,"Berlin, DE",Success,Edge on Windows
2025-07-02 00:39:00,user10@contoso.com,192.168.199.214,"New York, USA",Success,Chrome on Windows
2025-07-01 21:16:00,user9@contoso.com,192.168.223.248,"London, UK",Success,Edge on Windows
2025-07-02 05:14:00,user13@contoso.com,192.168.84.239,"New York, USA",Success,Safari on Mac
2025-07-02 05:56:00,user1@contoso.com,192.168.201.13,"London, UK",Success,Edge on Windows
2025-07-01 16:52:00,user5@contoso.com,192.168.236.93,"London, UK",Success,Edge on Windows
2025-07-01 19:31:00,user11@contoso.com,192.168.108.232,"Dublin, IE",Success,Edge on Windows
2025-07-02 00:03:00,user9@contoso.com,192.168.215.129,"London, UK",Success,Chrome on Windows
2025-07-02 06:11:00,user18@contoso.com,192.168.26.179,"New York, USA",Success,Chrome on Windows
2025-07-01 14:48:00,sarah.johnson@contoso.com,192.168.20.15,"New York, USA",Success,Chrome on Windows
2025-07-02 00:09:00,user20@contoso.com,192.168.78.122,"New York, USA",Success,Safari on Mac
2025-07-01 20:35:00,user4@contoso.com,192.168.111.238,"Dublin, IE",Success,Chrome on Windows
2025-07-01 11:41:00,user20@contoso.com,192.168.58.83,"Dublin, IE",Success,Safari on Mac
2025-07-01 14:46:00,user1@contoso.com,192.168.159.192,"Berlin, DE",Success,Chrome on Windows
2025-07-02 07:21:00,user19@contoso.com,192.168.124.52,"Dublin, IE",Success,Safari on Mac
2025-07-02 06:34:00,user4@contoso.com,192.168.21.177,"Berlin, DE",Success,Edge on Windows
2025-07-02 00:43:00,user3@contoso.com,192.168.174.6,"Berlin, DE",Success,Chrome on Windows
2025-07-01 22:51:00,user14@contoso.com,192.168.185.235,"New York, USA",Success,Chrome on Windows
2025-07-01 22:52:00,user17@contoso.com,192.168.138.247,"Berlin, DE",Success,Safari on Mac
2025-07-01 10:57:00,user19@contoso.com,192.168.137.165,"New York, USA",Success,Edge on Windows
2025-07-01 19:28:00,user15@contoso.com,192.168.124.237,"Berlin, DE",Success,Chrome on Windows
2025-07-01 15:14:00,user16@contoso.com,192.168.166.93,"Berlin, DE",Success,Edge on Windows
2025-07-02 02:58:00,user9@contoso.com,192.168.174.143,"Dublin, IE",Success,Chrome on Windows
2025-07-01 21:52:00,user17@contoso.com,192.168.97.43,"New York, USA",Success,Edge on Windows
2025-07-01 23:17:00,user18@contoso.com,192.168.123.243,"Berlin, DE",Success,Chrome on Windows
2025-07-02 07:36:00,user3@contoso.com,192.168.150.113,"Berlin, DE",Success,Chrome on Windows
2025-07-01 22:31:00,user10@contoso.com,192.168.188.242,"Dublin, IE",Success,Safari on Mac
2025-07-01 17:14:00,user18@contoso.com,192.168.169.180,"Berlin, DE",Success,Edge on Windows
2025-07-01 18:46:00,user9@contoso.com,192.168.118.61,"New York, USA",Success,Chrome on Windows
2025-07-02 00:31:00,user18@contoso.com,192.168.94.98,"New York, USA",Success,Edge on Windows
2025-07-01 18:06:00,user19@contoso.com,192.168.144.51,"New York, USA",Success,Chrome on Windows
2025-07-02 02:13:00,user12@contoso.com,192.168.91.154,"London, UK",Success,Chrome on Windows
2025-07-02 07:48:00,user9@contoso.com,192.168.23.27,"Dublin, IE",Success,Chrome on Windows
2025-07-02 03:35:00,sarah.johnson@contoso.com,192.168.251.52,"London, UK",Success,Edge on Windows
2025-07-01 14:17:00,user16@contoso.com,192.168.245.225,"Dublin, IE",Success,Chrome on Windows
2025-07-01 21:40:00,user9@contoso.com,192.168.244.58,"London, UK",Success,Edge on Windows
2025-07-02 03:12:00,user3@contoso.com,192.168.27.77,"New York, USA",Success,Edge on Windows
2025-07-02 04:41:00,user3@contoso.com,192.168.127.60,"Berlin, DE",Success,Safari on Mac
2025-07-01 23:06:00,user20@contoso.com,192.168.115.194,"Berlin, DE",Success,Edge on Windows
2025-07-02 04:48:00,user19@contoso.com,192.168.219.156,"London, UK",Success,Safari on Mac
2025-07-02 06:32:00,user4@contoso.com,192.168.106.108,"Dublin, IE",Success,Chrome on Windows
2025-07-01 13:20:00,user6@contoso.com,192.168.122.88,"London, UK",Success,Chrome on Windows
2025-07-01 09:06:00,user14@contoso.com,192.168.230.240,"Dublin, IE",Success,Chrome on Windows
2025-07-02 07:27:00,user10@contoso.com,192.168.144.232,"London, UK",Success,Chrome on Windows
2025-07-02 02:35:00,user9@contoso.com,192.168.101.217,"London, UK",Success,Chrome on Windows
2025-07-01 10:26:00,sarah.johnson@contoso.com,192.168.76.136,"New York, USA",Success,Chrome on Windows
2025-07-01 12:14:00,user6@contoso.com,192.168.157.147,"Berlin, DE",Success,Edge on Windows
2025-07-01 22:56:00,user10@contoso.com,192.168.206.139,"Berlin, DE",Success,Chrome on Windows
2025-07-02 04:36:00,user20@contoso.com,192.168.20.221,"Dublin, IE",Success,Edge on Windows
2025-07-02 06:56:00,user1@contoso.com,192.168.46.117,"London, UK",Success,Edge on Windows
2025-07-02 01:42:00,user19@contoso.com,192.168.20.89,"Berlin, DE",Success,Safari on Mac
2025-07-02 05:40:00,user15@contoso.com,192.168.142.92,"Berlin, DE",Success,Edge on Windows
2025-07-01 19:22:00,user3@contoso.com,192.168.240.178,"Berlin, DE",Success,Edge on Windows
2025-07-02 07:40:00,user4@contoso.com,192.168.82.168,"Berlin, DE",Success,Edge on Windows
2025-07-01 11:00:00,user10@contoso.com,192.168.205.18,"Berlin, DE",Success,Edge on Windows
2025-07-02 01:33:00,user9@contoso.com,192.168.165.59,"Berlin, DE",Success,Chrome on Windows
2025-07-01 14:24:00,user18@contoso.com,192.168.236.211,"London, UK",Success,Safari on Mac
2025-07-01 14:56:00,user12@contoso.com,192.168.255.226,"London, UK",Success,Edge on Windows
2025-07-02 07:50:00,user18@contoso.com,192.168.67.147,"Berlin, DE",Success,Edge on Windows
2025-07-01 18:36:00,user4@contoso.com,192.168.14.122,"New York, USA",Success,Safari on Mac
2025-07-01 11:52:00,user1@contoso.com,192.168.208.47,"New York, USA",Success,Edge on Windows
2025-07-02 01:22:00,user4@contoso.com,192.168.78.255,"Dublin, IE",Success,Safari on Mac
2025-07-01 16:19:00,user9@contoso.com,192.168.212.247,"Berlin, DE",Success,Edge on Windows
2025-07-02 04:27:00,user18@contoso.com,192.168.74.196,"New York, USA",Success,Safari on Mac
2025-07-01 19:36:00,user5@contoso.com,192.168.35.141,"Berlin, DE",Success,Safari on Mac
2025-07-02 04:02:00,user9@contoso.com,192.168.1.144,"Dublin, IE",Success,Safari on Mac
2025-07-01 19:46:00,user16@contoso.com,192.168.76.228,"Berlin, DE",Success,Edge on Windows
2025-07-01 14:26:00,user18@contoso.com,192.168.193.233,"Dublin, IE",Success,Safari on Mac
2025-07-01 09:29:00,user8@contoso.com,192.168.196.119,"Berlin, DE",Success,Edge on Windows
2025-07-02 00:54:00,user16@contoso.com,192.168.195.197,"New York, USA",Success,Chrome on Windows
2025-07-01 11:24:00,user5@contoso.com,192.168.169.51,"Berlin, DE",Success,Safari on Mac
2025-07-02 06:20:00,user15@contoso.com,192.168.7.73,"Berlin, DE",Success,Chrome on Windows
2025-07-02 05:16:00,user3@contoso.com,192.168.240.135,"Dublin, IE",Success,Safari on Mac
2025-07-01 18:48:00,user13@contoso.com,192.168.41.168,"Berlin, DE",Success,Safari on Mac
2025-07-02 05:32:00,user16@contoso.com,192.168.18.35,"New York, USA",Success,Safari on Mac
2025-07-01 11:21:00,user10@contoso.com,192.168.116.46,"Berlin, DE",Success,Safari on Mac
2025-07-01 08:59:00,user4@contoso.com,192.168.227.85,"Dublin, IE",Success,Chrome on Windows
2025-07-01 20:47:00,user11@contoso.com,192.168.28.150,"Dublin, IE",Success,Edge on Windows
2025-07-01 13:48:00,user5@contoso.com,192.168.125.210,"New York, USA",Success,Chrome on Windows
2025-07-02 03:54:00,user3@contoso.com,192.168.195.123,"Berlin, DE",Success,Chrome on Windows
2025-07-01 16:42:00,user8@contoso.com,192.168.236.130,"Berlin, DE",Success,Safari on Mac
2025-07-01 10:31:00,user1@contoso.com,192.168.238.147,"New York, USA",Success,Edge on Windows
2025-07-01 23:35:00,user12@contoso.com,192.168.153.217,"Dublin, IE",Success,Edge on Windows
2025-07-01 16:05:00,user7@contoso.com,192.168.196.247,"London, UK",Success,Edge on Windows
2025-07-01 08:44:00,user19@contoso.com,192.168.183.151,"Dublin, IE",Success,Safari on Mac
2025-07-02 04:41:00,user13@contoso.com,192.168.140.4,"London, UK",Success,Safari on Mac
2025-07-01 15:28:00,user16@contoso.com,192.168.146.117,"Dublin, IE",Success,Safari on Mac
2025-07-02 05:25:00,user7@contoso.com,192.168.128.70,"London, UK",Success,Safari on Mac
2025-07-02 03:46:00,user2@contoso.com,192.168.158.225,"London, UK",Success,Edge on Windows
2025-07-01 22:10:00,user5@contoso.com,192.168.46.151,"Dublin, IE",Success,Chrome on Windows
2025-07-01 13:36:00,user7@contoso.com,192.168.67.187,"Dublin, IE",Success,Edge on Windows
2025-07-01 23:59:00,user16@contoso.com,192.168.151.173,"London, UK",Success,Chrome on Windows
2025-07-01 11:04:00,user5@contoso.com,192.168.115.203,"Dublin, IE",Success,Edge on Windows
2025-07-01 20:34:00,user1@contoso.com,192.168.135.63,"Berlin, DE",Success,Safari on Mac
2025-07-02 07:02:00,user9@contoso.com,192.168.195.190,"London, UK",Success,Chrome on Windows
2025-07-02 06:06:00,user16@contoso.com,192.168.12.167,"New York, USA",Success,Chrome on Windows
2025-07-01 11:58:00,sarah.johnson@contoso.com,192.168.237.154,"Berlin, DE",Success,Chrome on Windows
2025-07-01 11:57:00,user2@contoso.com,192.168.19.155,"Berlin, DE",Success,Chrome on Windows
2025-07-01 20:39:00,user8@contoso.com,192.168.69.198,"Berlin, DE",Success,Safari on Mac
2025-07-02 06:21:00,user18@contoso.com,192.168.214.79,"Berlin, DE",Success,Chrome on Windows
2025-07-02 07:33:00,user16@contoso.com,192.168.208.143,"London, UK",Success,Edge on Windows
2025-07-01 20:22:00,user7@contoso.com,192.168.227.227,"New York, USA",Success,Chrome on Windows
2025-07-01 17:25:00,user12@contoso.com,192.168.183.31,"Berlin, DE",Success,Chrome on Windows
2025-07-02 05:54:00,user4@contoso.com,192.168.232.46,"New York, USA",Success,Safari on Mac
2025-07-01 16:18:00,user20@contoso.com,192.168.10.25,"Dublin, IE",Success,Chrome on Windows
2025-07-02 04:00:00,user19@contoso.com,192.168.105.35,"New York, USA",Success,Chrome on Windows
2025-07-01 17:27:00,user8@contoso.com,192.168.168.75,"London, UK",Success,Chrome on Windows
2025-07-02 06:33:00,user5@contoso.com,192.168.128.89,"London, UK",Success,Chrome on Windows
2025-07-02 04:05:00,user5@contoso.com,192.168.7.183,"New York, USA",Success,Edge on Windows
2025-07-01 12:19:00,user1@contoso.com,192.168.89.135,"London, UK",Success,Safari on Mac
2025-07-01 23:18:00,user14@contoso.com,192.168.58.32,"Berlin, DE",Success,Edge on Windows
2025-07-02 04:59:00,user17@contoso.com,192.168.55.231,"New York, USA",Success,Chrome on Windows
2025-07-01 10:04:00,user17@contoso.com,192.168.154.234,"London, UK",Success,Edge on Windows
2025-07-01 23:08:00,user13@contoso.com,192.168.218.55,"Berlin, DE",Success,Chrome on Windows
2025-07-01 12:18:00,user3@contoso.com,192.168.164.75,"London, UK",Success,Edge on Windows
2025-07-01 23:29:00,user20@contoso.com,192.168.166.195,"Dublin, IE",Success,Safari on Mac
2025-07-02 06:20:00,user20@contoso.com,192.168.220.50,"London, UK",Success,Safari on Mac
2025-07-01 15:47:00,user18@contoso.com,192.168.110.220,"Berlin, DE",Success,Edge on Windows
2025-07-01 11:14:00,user11@contoso.com,192.168.232.204,"Berlin, DE",Success,Edge on Windows
2025-07-01 13:12:00,user14@contoso.com,192.168.160.130,"Dublin, IE",Success,Safari on Mac
2025-07-01 11:10:00,user16@contoso.com,192.168.34.46,"London, UK",Success,Edge on Windows
2025-07-02 04:01:00,user4@contoso.com,192.168.190.66,"London, UK",Success,Safari on Mac
2025-07-01 20:04:00,user18@contoso.com,192.168.168.62,"Berlin, DE",Success,Safari on Mac
2025-07-01 20:00:00,user14@contoso.com,192.168.26.147,"Dublin, IE",Success,Chrome on Windows
2025-07-01 15:39:00,user19@contoso.com,192.168.108.79,"Berlin, DE",Success,Chrome on Windows
2025-07-02 03:35:00,user12@contoso.com,192.168.188.58,"Dublin, IE",Success,Chrome on Windows
2025-07-01 14:09:00,user14@contoso.com,192.168.13.136,"London, UK",Success,Edge on Windows
2025-07-01 14:11:00,user10@contoso.com,192.168.173.179,"London, UK",Success,Chrome on Windows
2025-07-02 05:36:00,user19@contoso.com,192.168.205.35,"New York, USA",Success,Chrome on Windows
2025-07-01 23:29:00,user3@contoso.com,192.168.110.192,"Berlin, DE",Success,Edge on Windows
2025-07-02 03:22:00,user6@contoso.com,192.168.189.159,"Dublin, IE",Success,Safari on Mac
2025-07-02 05:05:00,user3@contoso.com,192.168.26.79,"New York, USA",Success,Chrome on Windows
2025-07-02 00:34:00,user3@contoso.com,192.168.139.226,"Berlin, DE",Success,Safari on Mac
2025-07-02 01:29:00,user15@contoso.com,192.168.212.139,"New York, USA",Success,Chrome on Windows
2025-07-02 07:08:00,user12@contoso.com,192.168.220.56,"Dublin, IE",Success,Safari on Mac
2025-07-01 15:31:00,user19@contoso.com,192.168.249.157,"London, UK",Success,Edge on Windows
2025-07-01 18:17:00,user20@contoso.com,192.168.28.3,"New York, USA",Success,Chrome on Windows
2025-07-01 12:05:00,user5@contoso.com,192.168.130.148,"Dublin, IE",Success,Chrome on Windows
2025-07-01 20:58:00,user16@contoso.com,192.168.220.89,"New York, USA",Success,Safari on Mac
2025-07-01 09:26:00,user8@contoso.com,192.168.181.36,"Berlin, DE",Success,Edge on Windows
2025-07-02 03:39:00,user1@contoso.com,192.168.235.39,"Dublin, IE",Success,Edge on Windows
2025-07-01 11:55:00,user19@contoso.com,192.168.207.213,"Dublin, IE",Success,Edge on Windows
2025-07-02 07:32:00,user1@contoso.com,192.168.166.87,"Berlin, DE",Success,Edge on Windows
2025-07-01 22:52:00,user3@contoso.com,192.168.223.54,"New York, USA",Success,Safari on Mac
2025-07-01 19:35:00,user13@contoso.com,192.168.40.202,"Dublin, IE",Success,Chrome on Windows
2025-07-02 02:06:00,user11@contoso.com,192.168.86.39,"London, UK",Success,Safari on Mac
2025-07-01 16:03:00,user7@contoso.com,192.168.178.179,"New York, USA",Success,Chrome on Windows
2025-07-02 04:33:00,user5@contoso.com,192.168.131.101,"New York, USA",Success,Chrome on Windows
2025-07-01 23:50:00,sarah.johnson@contoso.com,192.168.38.90,"Berlin, DE",Success,Safari on Mac
2025-07-01 13:09:00,user19@contoso.com,192.168.229.165,"Dublin, IE",Success,Edge on Windows
2025-07-01 17:22:00,user3@contoso.com,192.168.240.226,"Dublin, IE",Success,Safari on Mac
2025-07-01 23:45:00,user2@contoso.com,192.168.180.37,"Dublin, IE",Success,Edge on Windows
2025-07-01 10:37:00,user2@contoso.com,192.168.29.188,"Dublin, IE",Success,Safari on Mac
2025-07-01 23:21:00,user3@contoso.com,192.168.196.236,"London, UK",Success,Safari on Mac
2025-07-02 01:06:00,sarah.johnson@contoso.com,192.168.96.164,"Berlin, DE",Success,Chrome on Windows
2025-07-01 10:52:00,user2@contoso.com,192.168.230.52,"Dublin, IE",Success,Safari on Mac
2025-07-01 22:56:00,sarah.johnson@contoso.com,192.168.88.20,"New York, USA",Success,Edge on Windows
2025-07-01 17:39:00,user17@contoso.com,192.168.81.186,"Dublin, IE",Success,Edge on Windows
2025-07-01 10:14:00,user14@contoso.com,192.168.173.26,"Dublin, IE",Success,Edge on Windows
2025-07-02 06:24:00,user4@contoso.com,192.168.197.145,"Dublin, IE",Success,Safari on Mac
2025-07-01 19:56:00,user5@contoso.com,192.168.170.41,"New York, USA",Success,Edge on Windows
2025-07-01 18:34:00,sarah.johnson@contoso.com,192.168.200.66,"London, UK",Success,Safari on Mac
2025-07-02 06:03:00,user13@contoso.com,192.168.168.65,"London, UK",Success,Safari on Mac
2025-07-01 18:32:00,user14@contoso.com,192.168.185.9,"Dublin, IE",Success,Chrome on Windows
2025-07-01 15:43:00,user7@contoso.com,192.168.174.248,"New York, USA",Success,Chrome on Windows
2025-07-02 01:19:00,user5@contoso.com,192.168.39.151,"London, UK",Success,Safari on Mac
2025-07-02 04:23:00,user17@contoso.com,192.168.19.172,"New York, USA",Success,Edge on Windows
2025-07-01 22:56:00,user5@contoso.com,192.168.83.92,"New York, USA",Success,Chrome on Windows
2025-07-02 04:50:00,user14@contoso.com,192.168.186.121,"Berlin, DE",Success,Edge on Windows
2025-07-02 00:00:00,user15@contoso.com,192.168.119.122,"Dublin, IE",Success,Chrome on Windows
2025-07-01 21:02:00,user12@contoso.com,192.168.225.236,"Dublin, IE",Success,Safari on Mac
2025-07-02 04:38:00,user17@contoso.com,192.168.214.82,"New York, USA",Success,Chrome on Windows
2025-07-02 02:55:00,user9@contoso.com,192.168.26.246,"Dublin, IE",Success,Chrome on Windows
2025-07-01 13:28:00,user17@contoso.com,192.168.63.145,"London, UK",Success,Edge on Windows
2025-07-01 15:34:00,user15@contoso.com,192.168.75.223,"London, UK",Success,Edge on Windows
2025-07-01 21:31:00,user12@contoso.com,192.168.13.212,"London, UK",Success,Safari on Mac
2025-07-01 20:47:00,user12@contoso.com,192.168.120.197,"London, UK",Success,Chrome on Windows
2025-07-01 12:59:00,user1@contoso.com,192.168.163.50,"Dublin, IE",Success,Chrome on Windows
2025-07-02 00:00:00,user2@contoso.com,192.168.146.241,"New York, USA",Success,Edge on Windows
2025-07-01 16:44:00,user20@contoso.com,192.168.2.40,"London, UK",Success,Chrome on Windows
2025-07-01 16:06:00,user5@contoso.com,192.168.216.56,"Dublin, IE",Success,Edge on Windows
2025-07-02 05:48:00,user4@contoso.com,192.168.24.122,"Berlin, DE",Success,Safari on Mac
2025-07-02 04:22:00,user15@contoso.com,192.168.32.56,"Berlin, DE",Success,Safari on Mac
2025-07-01 22:39:00,user1@contoso.com,192.168.123.73,"Dublin, IE",Success,Chrome on Windows
2025-07-01 14:23:00,user20@contoso.com,192.168.180.123,"Berlin, DE",Success,Safari on Mac
2025-07-01 21:19:00,user3@contoso.com,192.168.184.34,"London, UK",Success,Edge on Windows
2025-07-01 08:33:00,user2@contoso.com,192.168.198.191,"Dublin, IE",Success,Edge on Windows
2025-07-02 03:51:00,user3@contoso.com,192.168.176.123,"London, UK",Success,Safari on Mac
2025-07-02 02:38:00,user11@contoso.com,192.168.68.22,"Dublin, IE",Success,Edge on Windows
2025-07-02 05:33:00,sarah.johnson@contoso.com,192.168.89.237,"Berlin, DE",Success,Chrome on Windows
2025-07-01 18:00:00,user5@contoso.com,192.168.32.234,"London, UK",Success,Chrome on Windows
2025-07-01 18:35:00,user2@contoso.com,192.168.102.21,"Dublin, IE",Success,Safari on Mac
2025-07-02 06:04:00,user13@contoso.com,192.168.242.129,"London, UK",Success,Chrome on Windows
2025-07-01 17:19:00,user10@contoso.com,192.168.182.24,"Dublin, IE",Success,Chrome on Windows
2025-07-01 21:11:00,user12@contoso.com,192.168.223.204,"Berlin, DE",Success,Edge on Windows
2025-07-02 01:43:00,user6@contoso.com,192.168.254.254,"Dublin, IE",Success,Edge on Windows
2025-07-02 04:33:00,user3@contoso.com,192.168.217.40,"Berlin, DE",Success,Chrome on Windows
2025-07-01 10:43:00,user18@contoso.com,192.168.150.164,"London, UK",Success,Edge on Windows
2025-07-01 13:41:00,user10@contoso.com,192.168.156.228,"Berlin, DE",Success,Safari on Mac
2025-07-01 20:02:00,user15@contoso.com,192.168.179.228,"London, UK",Success,Safari on Mac
2025-07-02 06:54:00,user14@contoso.com,192.168.140.29,"London, UK",Success,Safari on Mac
2025-07-01 12:52:00,user13@contoso.com,192.168.186.81,"London, UK",Success,Safari on Mac
2025-07-01 16:03:00,user15@contoso.com,192.168.17.64,"London, UK",Success,Safari on Mac
2025-07-02 04:39:00,user12@contoso.com,192.168.185.196,"London, UK",Success,Chrome on Windows
2025-07-01 10:37:00,user15@contoso.com,192.168.189.190,"Berlin, DE",Success,Safari on Mac
2025-07-02 06:10:00,user5@contoso.com,192.168.187.203,"Dublin, IE",Success,Edge on Windows
2025-07-02 01:02:00,user8@contoso.com,192.168.58.13,"New York, USA",Success,Safari on Mac
2025-07-01 23:13:00,user13@contoso.com,192.168.60.134,"Dublin, IE",Success,Chrome on Windows
2025-07-01 12:11:00,user20@contoso.com,192.168.146.251,"New York, USA",Success,Chrome on Windows
2025-07-01 10:59:00,user3@contoso.com,192.168.231.88,"Berlin, DE",Success,Safari on Mac
2025-07-01 18:14:00,user11@contoso.com,192.168.177.33,"Dublin, IE",Success,Chrome on Windows
2025-07-01 12:08:00,sarah.johnson@contoso.com,192.168.89.185,"New York, USA",Success,Chrome on Windows
2025-07-01 20:19:00,user5@contoso.com,192.168.121.252,"London, UK",Success,Safari on Mac
2025-07-02 04:53:00,user19@contoso.com,192.168.188.239,"New York, USA",Success,Chrome on Windows
2025-07-02 01:56:00,user3@contoso.com,192.168.158.203,"Berlin, DE",Success,Edge on Windows
2025-07-02 05:55:00,user14@contoso.com,192.168.37.64,"Dublin, IE",Success,Chrome on Windows
2025-07-02 02:49:00,user15@contoso.com,192.168.238.176,"New York, USA",Success,Safari on Mac
2025-07-02 01:09:00,user19@contoso.com,192.168.93.66,"Berlin, DE",Success,Chrome on Windows
2025-07-01 13:31:00,user4@contoso.com,192.168.78.155,"New York, USA",Success,Edge on Windows
2025-07-01 16:33:00,user8@contoso.com,192.168.177.145,"London, UK",Success,Chrome on Windows
2025-07-02 04:58:00,sarah.johnson@contoso.com,192.168.140.64,"Dublin, IE",Success,Safari on Mac
2025-07-02 06:29:00,user3@contoso.com,192.168.86.78,"New York, USA",Success,Safari on Mac
2025-07-01 10:46:00,user20@contoso.com,192.168.172.21,"London, UK",Success,Chrome on Windows
2025-07-02 05:05:00,sarah.johnson@contoso.com,192.168.135.107,"Berlin, DE",Success,Safari on Mac
2025-07-02 00:29:00,user1@contoso.com,192.168.254.148,"Dublin, IE",Success,Chrome on Windows
2025-07-02 07:30:00,user13@contoso.com,192.168.152.232,"London, UK",Success,Chrome on Windows
2025-07-01 23:51:00,user6@contoso.com,192.168.225.212,"Berlin, DE",Success,Chrome on Windows
2025-07-01 19:47:00,user11@contoso.com,192.168.73.160,"Dublin, IE",Success,Edge on Windows
2025-07-01 16:15:00,user5@contoso.com,192.168.189.54,"Dublin, IE",Success,Edge on Windows
2025-07-01 12:48:00,user4@contoso.com,192.168.136.230,"New York, USA",Success,Chrome on Windows
2025-07-01 16:28:00,user2@contoso.com,192.168.148.196,"Berlin, DE",Success,Chrome on Windows
2025-07-02 01:00:00,user11@contoso.com,192.168.160.97,"New York, USA",Success,Safari on Mac
2025-07-01 08:47:00,user15@contoso.com,192.168.255.157,"Berlin, DE",Success,Chrome on Windows
2025-07-02 03:54:00,user13@contoso.com,192.168.234.123,"New York, USA",Success,Edge on Windows
2025-07-02 04:23:00,user2@contoso.com,192.168.25.144,"Berlin, DE",Success,Safari on Mac
2025-07-01 22:42:00,user16@contoso.com,192.168.146.4,"London, UK",Success,Chrome on Windows
2025-07-01 09:32:00,user9@contoso.com,192.168.187.206,"Dublin, IE",Success,Edge on Windows
2025-07-01 10:30:00,user2@contoso.com,192.168.99.185,"Dublin, IE",Success,Edge on Windows
2025-07-01 12:23:00,user17@contoso.com,192.168.230.143,"London, UK",Success,Chrome on Windows
2025-07-01 12:55:00,user13@contoso.com,192.168.191.173,"Dublin, IE",Success,Chrome on Windows
2025-07-01 09:19:00,user20@contoso.com,192.168.205.20,"London, UK",Success,Chrome on Windows
2025-07-02 04:41:00,user11@contoso.com,192.168.242.233,"New York, USA",Success,Safari on Mac
2025-07-01 21:24:00,user5@contoso.com,192.168.167.163,"New York, USA",Success,Safari on Mac
2025-07-02 00:12:00,user10@contoso.com,192.168.172.250,"Dublin, IE",Success,Chrome on Windows
2025-07-02 03:55:00,user12@contoso.com,192.168.169.56,"Berlin, DE",Success,Edge on Windows
2025-07-02 06:22:00,sarah.johnson@contoso.com,192.168.13.242,"Dublin, IE",Success,Safari on Mac
2025-07-01 13:49:00,user19@contoso.com,192.168.116.26,"Berlin, DE",Success,Safari on Mac
2025-07-01 09:04:00,sarah.johnson@contoso.com,192.168.194.75,"New York, USA",Success,Safari on Mac
2025-07-01 18:42:00,user4@contoso.com,192.168.97.9,"Berlin, DE",Success,Edge on Windows
2025-07-02 01:07:00,user5@contoso.com,192.168.211.104,"Berlin, DE",Success,Safari on Mac
2025-07-02 03:08:00,user16@contoso.com,192.168.31.70,"New York, USA",Success,Edge on Windows
2025-07-01 23:41:00,user16@contoso.com,192.168.192.160,"New York, USA",Success,Safari on Mac
2025-07-01 14:33:00,user11@contoso.com,192.168.181.135,"Berlin, DE",Success,Chrome on Windows
2025-07-01 17:51:00,user9@contoso.com,192.168.152.115,"Dublin, IE",Success,Safari on Mac
2025-07-01 19:54:00,user7@contoso.com,192.168.250.162,"Berlin, DE",Success,Safari on Mac
2025-07-01 21:28:00,user9@contoso.com,192.168.147.62,"Berlin, DE",Success,Edge on Windows
2025-07-01 10:41:00,user5@contoso.com,192.168.148.21,"Dublin, IE",Success,Edge on Windows
2025-07-01 14:53:00,user15@contoso.com,192.168.131.245,"New York, USA",Success,Safari on Mac
2025-07-02 05:00:00,user9@contoso.com,192.168.139.70,"London, UK",Success,Safari on Mac
2025-07-02 06:51:00,user19@contoso.com,192.168.122.124,"London, UK",Success,Safari on Mac
2025-07-01 22:06:00,user8@contoso.com,192.168.119.26,"London, UK",Success,Edge on Windows
2025-07-02 02:47:00,user16@contoso.com,192.168.51.70,"London, UK",Success,Chrome on Windows
2025-07-01 17:48:00,user14@contoso.com,192.168.243.244,"New York, USA",Success,Edge on Windows
2025-07-02 02:15:00,user10@contoso.com,192.168.30.45,"New York, USA",Success,Safari on Mac
2025-07-01 09:14:00,user2@contoso.com,192.168.89.213,"New York, USA",Success,Edge on Windows
2025-07-01 08:18:00,user16@contoso.com,192.168.95.148,"London, UK",Success,Edge on Windows
2025-07-01 23:30:00,user19@contoso.com,192.168.54.171,"Dublin, IE",Success,Safari on Mac
2025-07-01 17:18:00,user18@contoso.com,192.168.252.68,"Berlin, DE",Success,Chrome on Windows
2025-07-02 06:07:00,user4@contoso.com,192.168.169.83,"Berlin, DE",Success,Edge on Windows
2025-07-02 03:22:00,user6@contoso.com,192.168.7.172,"Dublin, IE",Success,Safari on Mac
2025-07-02 01:35:00,user7@contoso.com,192.168.89.207,"Berlin, DE",Success,Edge on Windows
2025-07-01 12:47:00,user3@contoso.com,192.168.205.48,"New York, USA",Success,Edge on Windows
2025-07-01 21:05:00,user11@contoso.com,192.168.127.3,"Dublin, IE",Success,Chrome on Windows
2025-07-02 03:52:00,user15@contoso.com,192.168.136.168,"Dublin, IE",Success,Safari on Mac
2025-07-02 07:38:00,user19@contoso.com,192.168.5.133,"Dublin, IE",Success,Chrome on Windows
2025-07-01 13:27:00,user2@contoso.com,192.168.60.238,"Dublin, IE",Success,Edge on Windows
2025-07-01 20:32:00,user17@contoso.com,192.168.159.60,"Dublin, IE",Success,Safari on Mac
2025-07-01 13:13:00,user8@contoso.com,192.168.112.68,"Berlin, DE",Success,Edge on Windows
2025-07-02 02:20:00,user20@contoso.com,192.168.191.212,"Berlin, DE",Success,Safari on Mac
2025-07-02 02:01:00,user7@contoso.com,192.168.126.41,"Berlin, DE",Success,Safari on Mac
2025-07-02 02:41:00,user12@contoso.com,192.168.39.57,"London, UK",Success,Safari on Mac
2025-07-02 01:45:00,user7@contoso.com,192.168.76.84,"Dublin, IE",Success,Edge on Windows
2025-07-02 01:25:00,user4@contoso.com,192.168.105.250,"London, UK",Success,Edge on Windows
2025-07-01 23:35:00,user2@contoso.com,192.168.232.67,"Berlin, DE",Success,Safari on Mac
2025-07-01 21:30:00,user2@contoso.com,192.168.236.157,"London, UK",Success,Edge on Windows
2025-07-01 22:27:00,user1@contoso.com,192.168.111.37,"London, UK",Success,Edge on Windows
2025-07-01 09:04:00,user3@contoso.com,192.168.30.35,"Berlin, DE",Success,Edge on Windows
2025-07-01 20:46:00,user14@contoso.com,192.168.92.69,"Berlin, DE",Success,Edge on Windows
2025-07-02 07:18:00,user15@contoso.com,192.168.193.192,"London, UK",Success,Safari on Mac
2025-07-01 14:05:00,user18@contoso.com,192.168.68.178,"London, UK",Success,Safari on Mac
2025-07-01 08:46:00,user13@contoso.com,192.168.65.114,"London, UK",Success,Edge on Windows
2025-07-01 16:26:00,user15@contoso.com,192.168.217.194,"New York, USA",Success,Edge on Windows
2025-07-01 11:51:00,user12@contoso.com,192.168.79.141,"New York, USA",Success,Chrome on Windows
2025-07-01 10:17:00,user14@contoso.com,192.168.8.123,"New York, USA",Success,Chrome on Windows
2025-07-01 16:21:00,user20@contoso.com,192.168.17.228,"London, UK",Success,Safari on Mac
2025-07-02 02:25:00,user2@contoso.com,192.168.205.224,"New York, USA",Success,Chrome on Windows
2025-07-02 03:39:00,user2@contoso.com,192.168.71.148,"New York, USA",Success,Edge on Windows
2025-07-01 12:53:00,user19@contoso.com,192.168.164.121,"Dublin, IE",Success,Safari on Mac
2025-07-01 17:23:00,user17@contoso.com,192.168.113.211,"Dublin, IE",Success,Chrome on Windows
2025-07-01 09:36:00,user18@contoso.com,192.168.89.218,"Berlin, DE",Success,Edge on Windows
2025-07-01 21:56:00,sarah.johnson@contoso.com,192.168.195.163,"Berlin, DE",Success,Chrome on Windows
2025-07-01 16:13:00,user10@contoso.com,192.168.192.94,"Berlin, DE",Success,Chrome on Windows
2025-07-02 03:11:00,user10@contoso.com,192.168.73.237,"London, UK",Success,Edge on Windows
2025-07-01 16:42:00,user14@contoso.com,192.168.68.198,"New York, USA",Success,Chrome on Windows
2025-07-01 11:09:00,user11@contoso.com,192.168.40.230,"Dublin, IE",Success,Safari on Mac
2025-07-02 06:59:00,user7@contoso.com,192.168.26.137,"Berlin, DE",Success,Safari on Mac
2025-07-02 04:03:00,user20@contoso.com,192.168.20.37,"New York, USA",Success,Safari on Mac
2025-07-01 19:21:00,user18@contoso.com,192.168.111.245,"New York, USA",Success,Edge on Windows
2025-07-02 00:20:00,user1@contoso.com,192.168.108.97,"London, UK",Success,Chrome on Windows
2025-07-02 02:50:00,user20@contoso.com,192.168.104.203,"New York, USA",Success,Edge on Windows
2025-07-01 18:31:00,user10@contoso.com,192.168.194.238,"Dublin, IE",Success,Edge on Windows
2025-07-02 00:01:00,user12@contoso.com,192.168.254.238,"London, UK",Success,Edge on Windows
2025-07-01 09:33:00,user7@contoso.com,192.168.189.160,"Berlin, DE",Success,Safari on Mac
2025-07-02 02:53:00,user8@contoso.com,192.168.74.8,"Dublin, IE",Success,Safari on Mac
2025-07-01 14:41:00,user19@contoso.com,192.168.213.151,"New York, USA",Success,Edge on Windows
2025-07-02 02:47:00,user8@contoso.com,192.168.194.125,"Berlin, DE",Success,Safari on Mac
2025-07-01 23:43:00,user11@contoso.com,192.168.131.250,"Berlin, DE",Success,Chrome on Windows
2025-07-01 14:16:00,user12@contoso.com,192.168.86.71,"Berlin, DE",Success,Safari on Mac
2025-07-02 06:48:00,sarah.johnson@contoso.com,192.168.30.17,"London, UK",Success,Chrome on Windows
2025-07-01 10:19:00,user1@contoso.com,192.168.211.70,"New York, USA",Success,Safari on Mac
2025-07-01 20:44:00,user5@contoso.com,192.168.4.111,"Berlin, DE",Success,Chrome on Windows
2025-07-01 08:13:00,user20@contoso.com,192.168.247.249,"London, UK",Success,Safari on Mac
2025-07-02 02:04:00,user18@contoso.com,192.168.210.6,"London, UK",Success,Safari on Mac
2025-07-01 14:07:00,user9@contoso.com,192.168.146.8,"Berlin, DE",Success,Chrome on Windows
2025-07-02 05:09:00,user4@contoso.com,192.168.76.123,"New York, USA",Success,Safari on Mac
2025-07-01 10:41:00,user9@contoso.com,192.168.181.136,"Berlin, DE",Success,Edge on Windows
2025-07-01 18:14:00,user13@contoso.com,192.168.235.124,"New York, USA",Success,Safari on Mac
2025-07-01 20:56:00,user3@contoso.com,192.168.16.47,"Berlin, DE",Success,Edge on Windows
2025-07-02 07:59:00,user18@contoso.com,192.168.243.28,"London, UK",Success,Chrome on Windows
2025-07-02 03:18:00,user3@contoso.com,192.168.255.222,"Dublin, IE",Success,Chrome on Windows
2025-07-02 07:37:00,user17@contoso.com,192.168.21.117,"New York, USA",Success,Safari on Mac
2025-07-02 07:21:00,user16@contoso.com,192.168.138.23,"London, UK",Success,Edge on Windows
2025-07-01 08:32:00,user18@contoso.com,192.168.16.91,"Dublin, IE",Success,Chrome on Windows
2025-07-01 18:12:00,user19@contoso.com,192.168.73.203,"London, UK",Success,Chrome on Windows
2025-07-01 21:06:00,user19@contoso.com,192.168.123.199,"Dublin, IE",Success,Safari on Mac
2025-07-01 11:20:00,user5@contoso.com,192.168.40.177,"London, UK",Success,Edge on Windows
2025-07-01 19:08:00,user8@contoso.com,192.168.38.174,"Berlin, DE",Success,Chrome on Windows
2025-07-01 15:47:00,sarah.johnson@contoso.com,192.168.139.230,"Berlin, DE",Success,Edge on Windows
2025-07-02 07:12:00,user18@contoso.com,192.168.192.221,"New York, USA",Success,Safari on Mac
2025-07-01 10:30:00,user13@contoso.com,192.168.43.151,"New York, USA",Success,Chrome on Windows
2025-07-01 21:17:00,user9@contoso.com,192.168.78.194,"New York, USA",Success,Edge on Windows
2025-07-01 18:31:00,user12@contoso.com,192.168.54.46,"London, UK",Success,Edge on Windows
2025-07-01 10:58:00,user12@contoso.com,192.168.138.52,"New York, USA",Success,Chrome on Windows
2025-07-01 08:53:00,user14@contoso.com,192.168.229.208,"London, UK",Success,Chrome on Windows
2025-07-01 08:25:00,user12@contoso.com,192.168.47.166,"Berlin, DE",Success,Edge on Windows
2025-07-02 03:31:00,user14@contoso.com,192.168.198.43,"New York, USA",Success,Safari on Mac
2025-07-01 17:10:00,user6@contoso.com,192.168.194.86,"New York, USA",Success,Edge on Windows
2025-07-01 13:42:00,user9@contoso.com,192.168.252.74,"London, UK",Success,Edge on Windows
2025-07-01 10:37:00,user9@contoso.com,192.168.215.153,"Berlin, DE",Success,Edge on Windows
2025-07-01 23:37:00,user9@contoso.com,192.168.126.253,"New York, USA",Success,Chrome on Windows
2025-07-01 19:20:00,user5@contoso.com,192.168.155.3,"Berlin, DE",Success,Safari on Mac
2025-07-01 22:41:00,user13@contoso.com,192.168.168.225,"Dublin, IE",Success,Safari on Mac
2025-07-02 04:35:00,user20@contoso.com,192.168.69.153,"Dublin, IE",Success,Safari on Mac
2025-07-01 21:35:00,user7@contoso.com,192.168.245.160,"New York, USA",Success,Edge on Windows
2025-07-01 20:50:00,user10@contoso.com,192.168.251.124,"Dublin, IE",Success,Edge on Windows
2025-07-02 04:12:00,user13@contoso.com,192.168.186.58,"New York, USA",Success,Safari on Mac
2025-07-01 22:57:00,user6@contoso.com,192.168.13.236,"New York, USA",Success,Edge on Windows
2025-07-02 05:37:00,user3@contoso.com,192.168.209.255,"New York, USA",Success,Edge on Windows
2025-07-01 20:52:00,user8@contoso.com,192.168.129.78,"Berlin, DE",Success,Chrome on Windows
2025-07-02 02:33:00,user15@contoso.com,192.168.245.205,"Berlin, DE",Success,Chrome on Windows
2025-07-02 06:26:00,user12@contoso.com,192.168.43.55,"New York, USA",Success,Safari on Mac
2025-07-01 19:19:00,user12@contoso.com,192.168.85.22,"Berlin, DE",Success,Edge on Windows
2025-07-01 15:34:00,user4@contoso.com,192.168.5.50,"Dublin, IE",Success,Safari on Mac
2025-07-01 21:21:00,user17@contoso.com,192.168.113.228,"Dublin, IE",Success,Edge on Windows
2025-07-02 00:28:00,user19@contoso.com,192.168.77.176,"London, UK",Success,Chrome on Windows
2025-07-01 12:50:00,user10@contoso.com,192.168.212.43,"London, UK",Success,Edge on Windows
2025-07-02 01:47:00,user10@contoso.com,192.168.175.233,"New York, USA",Success,Edge on Windows
2025-07-02 07:46:00,user12@contoso.com,192.168.243.49,"Berlin, DE",Success,Edge on Windows
2025-07-01 11:55:00,user11@contoso.com,192.168.34.153,"London, UK",Success,Chrome on Windows
2025-07-02 01:36:00,user11@contoso.com,192.168.55.84,"New York, USA",Success,Chrome on Windows
2025-07-01 23:46:00,user18@contoso.com,192.168.81.169,"Berlin, DE",Success,Chrome on Windows
2025-07-01 21:30:00,user13@contoso.com,192.168.94.95,"Berlin, DE",Success,Chrome on Windows
2025-07-01 21:16:00,user20@contoso.com,192.168.101.230,"Berlin, DE",Success,Chrome on Windows
2025-07-02 03:42:00,user7@contoso.com,192.168.105.142,"London, UK",Success,Chrome on Windows
2025-07-01 14:43:00,user18@contoso.com,192.168.95.187,"Dublin, IE",Success,Edge on Windows
2025-07-02 04:22:00,user4@contoso.com,192.168.134.250,"Dublin, IE",Success,Edge on Windows
2025-07-01 20:00:00,user20@contoso.com,192.168.200.58,"Dublin, IE",Success,Edge on Windows
2025-07-02 06:56:00,user20@contoso.com,192.168.88.152,"London, UK",Success,Chrome on Windows
2025-07-01 11:59:00,user11@contoso.com,192.168.60.122,"Dublin, IE",Success,Chrome on Windows
2025-07-02 04:21:00,user12@contoso.com,192.168.72.198,"Berlin, DE",Success,Chrome on Windows
2025-07-02 00:36:00,user19@contoso.com,192.168.196.216,"New York, USA",Success,Safari on Mac
2025-07-01 17:51:00,user18@contoso.com,192.168.88.85,"Berlin, DE",Success,Chrome on Windows
2025-07-01 20:15:00,user6@contoso.com,192.168.161.230,"London, UK",Success,Chrome on Windows
2025-07-02 03:10:00,user16@contoso.com,192.168.69.99,"Berlin, DE",Success,Safari on Mac
2025-07-01 22:11:00,sarah.johnson@contoso.com,192.168.253.209,"Berlin, DE",Success,Safari on Mac
2025-07-02 03:17:00,user15@contoso.com,192.168.250.85,"London, UK",Success,Chrome on Windows
2025-07-01 15:40:00,user8@contoso.com,192.168.149.16,"Dublin, IE",Success,Safari on Mac
2025-07-02 02:45:00,user10@contoso.com,192.168.86.234,"Berlin, DE",Success,Safari on Mac
2025-07-02 02:30:00,user4@contoso.com,192.168.58.137,"Dublin, IE",Success,Chrome on Windows
2025-07-02 06:18:00,user15@contoso.com,192.168.111.217,"London, UK",Success,Chrome on Windows
2025-07-01 19:53:00,user10@contoso.com,192.168.16.230,"Dublin, IE",Success,Chrome on Windows
2025-07-02 04:04:00,user15@contoso.com,192.168.60.121,"New York, USA",Success,Safari on Mac
2025-07-01 15:03:00,user12@contoso.com,192.168.219.84,"New York, USA",Success,Chrome on Windows
2025-07-01 19:02:00,user2@contoso.com,192.168.179.143,"New York, USA",Success,Safari on Mac
2025-07-01 12:37:00,user10@contoso.com,192.168.148.136,"London, UK",Success,Edge on Windows
2025-07-01 16:31:00,user2@contoso.com,192.168.141.64,"New York, USA",Success,Chrome on Windows
2025-07-01 12:51:00,user11@contoso.com,192.168.126.201,"Berlin, DE",Success,Safari on Mac
2025-07-01 23:25:00,sarah.johnson@contoso.com,192.168.137.212,"Berlin, DE",Success,Chrome on Windows
2025-07-02 07:42:00,sarah.johnson@contoso.com,192.168.47.206,"Dublin, IE",Success,Edge on Windows
2025-07-01 11:10:00,user15@contoso.com,192.168.249.167,"London, UK",Success,Safari on Mac
2025-07-01 15:26:00,user15@contoso.com,192.168.183.32,"Berlin, DE",Success,Edge on Windows
2025-07-01 17:40:00,user7@contoso.com,192.168.253.137,"Dublin, IE",Success,Edge on Windows
2025-07-02 07:17:00,user18@contoso.com,192.168.66.248,"Dublin, IE",Success,Chrome on Windows
2025-07-01 12:14:00,user2@contoso.com,192.168.50.235,"London, UK",Success,Chrome on Windows
2025-07-01 14:54:00,user15@contoso.com,192.168.233.0,"Berlin, DE",Success,Safari on Mac
2025-07-01 11:11:00,user5@contoso.com,192.168.154.81,"Dublin, IE",Success,Safari on Mac
2025-07-02 06:40:00,user12@contoso.com,192.168.128.42,"Dublin, IE",Success,Safari on Mac
2025-07-02 07:52:00,user6@contoso.com,192.168.26.202,"Dublin, IE",Success,Chrome on Windows
2025-07-01 15:17:00,user14@contoso.com,192.168.46.48,"London, UK",Success,Edge on Windows
2025-07-01 08:19:00,user3@contoso.com,192.168.67.115,"Berlin, DE",Success,Chrome on Windows
2025-07-02 00:18:00,user11@contoso.com,192.168.61.216,"New York, USA",Success,Chrome on Windows
2025-07-01 11:31:00,user8@contoso.com,192.168.196.45,"London, UK",Success,Edge on Windows
2025-07-01 12:32:00,user12@contoso.com,192.168.153.70,"Berlin, DE",Success,Safari on Mac
2025-07-01 23:01:00,user5@contoso.com,192.168.35.4,"New York, USA",Success,Edge on Windows
2025-07-01 15:24:00,user7@contoso.com,192.168.77.210,"Berlin, DE",Success,Chrome on Windows
2025-07-01 19:59:00,user4@contoso.com,192.168.71.63,"Berlin, DE",Success,Edge on Windows
2025-07-02 06:00:00,user11@contoso.com,192.168.71.126,"Dublin, IE",Success,Chrome on Windows
2025-07-01 15:00:00,user8@contoso.com,192.168.145.13,"Dublin, IE",Success,Safari on Mac
2025-07-02 06:03:00,user20@contoso.com,192.168.96.200,"Dublin, IE",Success,Chrome on Windows
2025-07-01 16:13:00,user8@contoso.com,192.168.253.197,"London, UK",Success,Edge on Windows
2025-07-01 18:48:00,sarah.johnson@contoso.com,192.168.36.6,"Dublin, IE",Success,Chrome on Windows
2025-07-02 00:04:00,user13@contoso.com,192.168.215.187,"New York, USA",Success,Chrome on Windows
2025-07-01 15:21:00,user1@contoso.com,192.168.34.7,"Dublin, IE",Success,Chrome on Windows
2025-07-01 22:27:00,user2@contoso.com,192.168.203.146,"Berlin, DE",Success,Safari on Mac
2025-07-01 10:51:00,user13@contoso.com,192.168.42.78,"Dublin, IE",Success,Edge on Windows
2025-07-01 21:20:00,user3@contoso.com,192.168.104.79,"Dublin, IE",Success,Safari on Mac
2025-07-01 16:08:00,sarah.johnson@contoso.com,192.168.33.158,"Berlin, DE",Success,Chrome on Windows
2025-07-01 23:28:00,user8@contoso.com,192.168.44.222,"London, UK",Success,Safari on Mac
2025-07-01 12:04:00,user20@contoso.com,192.168.28.158,"New York, USA",Success,Chrome on Windows
2025-07-01 19:50:00,user5@contoso.com,192.168.5.83,"Berlin, DE",Success,Safari on Mac
2025-07-01 12:19:00,user17@contoso.com,192.168.132.85,"Dublin, IE",Success,Safari on Mac
2025-07-01 22:39:00,user9@contoso.com,192.168.60.15,"Dublin, IE",Success,Edge on Windows
2025-07-02 00:56:00,user17@contoso.com,192.168.32.134,"London, UK",Success,Edge on Windows
2025-07-02 03:20:00,user17@contoso.com,192.168.184.28,"Berlin, DE",Success,Chrome on Windows
2025-07-02 03:35:00,user12@contoso.com,192.168.80.130,"London, UK",Success,Safari on Mac
2025-07-01 08:25:00,user4@contoso.com,192.168.116.1,"London, UK",Success,Chrome on Windows
2025-07-01 13:07:00,user2@contoso.com,192.168.241.186,"Berlin, DE",Success,Chrome on Windows
2025-07-01 16:28:00,user2@contoso.com,192.168.214.114,"Dublin, IE",Success,Edge on Windows
2025-07-01 12:04:00,user11@contoso.com,192.168.138.39,"Dublin, IE",Success,Safari on Mac
2025-07-01 21:41:00,user2@contoso.com,192.168.91.114,"London, UK",Success,Chrome on Windows
2025-07-01 10:56:00,user15@contoso.com,192.168.144.159,"Dublin, IE",Success,Safari on Mac
2025-07-01 17:57:00,user15@contoso.com,192.168.4.188,"New York, USA",Success,Safari on Mac
2025-07-02 04:11:00,user10@contoso.com,192.168.124.237,"Dublin, IE",Success,Edge on Windows
2025-07-01 21:59:00,user7@contoso.com,192.168.125.77,"London, UK",Success,Chrome on Windows
2025-07-01 08:02:00,user8@contoso.com,192.168.177.4,"Dublin, IE",Success,Safari on Mac
2025-07-02 02:05:00,user13@contoso.com,192.168.157.53,"New York, USA",Success,Chrome on Windows
2025-07-01 17:33:00,user14@contoso.com,192.168.251.30,"New York, USA",Success,Chrome on Windows
2025-07-01 23:38:00,user2@contoso.com,192.168.118.211,"Dublin, IE",Success,Safari on Mac
2025-07-01 10:33:00,user3@contoso.com,192.168.48.68,"Berlin, DE",Success,Safari on Mac
2025-07-01 16:04:00,user19@contoso.com,192.168.31.222,"New York, USA",Success,Edge on Windows
2025-07-01 18:51:00,user9@contoso.com,192.168.161.201,"Dublin, IE",Success,Edge on Windows
2025-07-01 12:38:00,user9@contoso.com,192.168.119.38,"New York, USA",Success,Safari on Mac
2025-07-01 23:20:00,user4@contoso.com,192.168.79.54,"New York, USA",Success,Edge on Windows
2025-07-01 15:05:00,user11@contoso.com,192.168.208.61,"Dublin, IE",Success,Edge on Windows
2025-07-01 11:05:00,user10@contoso.com,192.168.237.135,"London, UK",Success,Chrome on Windows
2025-07-01 13:03:00,user10@contoso.com,192.168.20.110,"Dublin, IE",Success,Chrome on Windows
2025-07-02 07:06:00,user8@contoso.com,192.168.182.202,"London, UK",Success,Edge on Windows
2025-07-01 23:26:00,user9@contoso.com,192.168.89.15,"Berlin, DE",Success,Safari on Mac
2025-07-01 11:28:00,user18@contoso.com,192.168.127.48,"Berlin, DE",Success,Chrome on Windows
2025-07-01 12:27:00,user4@contoso.com,192.168.6.31,"New York, USA",Success,Chrome on Windows
2025-07-01 10:33:00,user13@contoso.com,192.168.190.43,"Dublin, IE",Success,Chrome on Windows
2025-07-01 11:08:00,user3@contoso.com,192.168.101.227,"New York, USA",Success,Edge on Windows
2025-07-01 13:44:00,user4@contoso.com,192.168.21.236,"London, UK",Success,Safari on Mac
2025-07-01 21:03:00,user14@contoso.com,192.168.202.254,"London, UK",Success,Safari on Mac
2025-07-01 14:23:00,user14@contoso.com,192.168.88.181,"New York, USA",Success,Edge on Windows
2025-07-02 04:57:00,user9@contoso.com,192.168.228.76,"London, UK",Success,Safari on Mac
2025-07-01 22:03:00,user20@contoso.com,192.168.125.151,"Berlin, DE",Success,Safari on Mac
2025-07-01 21:04:00,user16@contoso.com,192.168.31.44,"Dublin, IE",Success,Chrome on Windows
2025-07-01 21:03:00,user14@contoso.com,192.168.102.127,"London, UK",Success,Safari on Mac
2025-07-02 03:18:00,user12@contoso.com,192.168.245.248,"Dublin, IE",Success,Safari on Mac
2025-07-01 08:53:00,user11@contoso.com,192.168.198.138,"New York, USA",Success,Edge on Windows
2025-07-01 09:59:00,user20@contoso.com,192.168.112.15,"Dublin, IE",Success,Edge on Windows
2025-07-01 11:25:00,user17@contoso.com,192.168.183.119,"New York, USA",Success,Chrome on Windows
2025-07-02 03:39:00,user8@contoso.com,192.168.136.28,"New York, USA",Success,Edge on Windows
2025-07-02 04:13:00,user12@contoso.com,192.168.88.90,"New York, USA",Success,Edge on Windows
2025-07-02 03:13:00,user12@contoso.com,192.168.14.180,"New York, USA",Success,Chrome on Windows
2025-07-01 09:17:00,user16@contoso.com,192.168.158.89,"Berlin, DE",Success,Chrome on Windows
2025-07-02 01:58:00,user2@contoso.com,192.168.119.112,"London, UK",Success,Edge on Windows
2025-07-01 19:37:00,user1@contoso.com,192.168.169.103,"New York, USA",Success,Safari on Mac
2025-07-01 13:02:00,user6@contoso.com,192.168.165.30,"London, UK",Success,Safari on Mac
2025-07-01 20:45:00,user5@contoso.com,192.168.56.186,"London, UK",Success,Safari on Mac
2025-07-01 19:00:00,user13@contoso.com,192.168.51.172,"Dublin, IE",Success,Chrome on Windows
2025-07-01 13:56:00,user6@contoso.com,192.168.223.249,"Dublin, IE",Success,Safari on Mac
2025-07-01 20:54:00,user18@contoso.com,192.168.182.114,"New York, USA",Success,Edge on Windows
2025-07-02 07:57:00,user10@contoso.com,192.168.65.90,"London, UK",Success,Safari on Mac
2025-07-02 04:52:00,user13@contoso.com,192.168.16.93,"Dublin, IE",Success,Chrome on Windows
2025-07-01 19:18:00,sarah.johnson@contoso.com,192.168.53.254,"New York, USA",Success,Safari on Mac
2025-07-01 13:43:00,user3@contoso.com,192.168.121.177,"Dublin, IE",Success,Safari on Mac
2025-07-01 17:03:00,user3@contoso.com,192.168.171.228,"London, UK",Success,Chrome on Windows
2025-07-01 11:41:00,user8@contoso.com,192.168.34.179,"Dublin, IE",Success,Safari on Mac
2025-07-01 22:19:00,user1@contoso.com,192.168.24.197,"Berlin, DE",Success,Chrome on Windows
2025-07-02 02:38:00,user14@contoso.com,192.168.252.193,"Dublin, IE",Success,Edge on Windows
2025-07-01 23:24:00,user4@contoso.com,192.168.245.115,"New York, USA",Success,Chrome on Windows
2025-07-01 16:54:00,user2@contoso.com,192.168.150.10,"Dublin, IE",Success,Chrome on Windows
2025-07-01 13:29:00,user3@contoso.com,192.168.175.87,"Berlin, DE",Success,Safari on Mac
2025-07-01 09:03:00,user3@contoso.com,192.168.47.173,"Berlin, DE",Success,Edge on Windows
2025-07-01 09:49:00,sarah.johnson@contoso.com,192.168.84.222,"New York, USA",Success,Chrome on Windows
2025-07-02 07:47:00,user11@contoso.com,192.168.105.97,"Berlin, DE",Success,Safari on Mac
2025-07-01 16:06:00,user18@contoso.com,192.168.135.144,"Dublin, IE",Success,Chrome on Windows
2025-07-01 09:51:00,user2@contoso.com,192.168.201.251,"New York, USA",Success,Edge on Windows
2025-07-02 06:35:00,user1@contoso.com,192.168.218.44,"Dublin, IE",Success,Safari on Mac
2025-07-01 08:52:00,user20@contoso.com,192.168.245.102,"London, UK",Success,Chrome on Windows
2025-07-01 11:56:00,user6@contoso.com,192.168.149.41,"Berlin, DE",Success,Edge on Windows
2025-07-01 11:06:00,user13@contoso.com,192.168.241.250,"Dublin, IE",Success,Safari on Mac
2025-07-01 21:01:00,user18@contoso.com,192.168.198.94,"Dublin, IE",Success,Edge on Windows
2025-07-01 23:00:00,user6@contoso.com,192.168.228.22,"Dublin, IE",Success,Edge on Windows
2025-07-01 13:09:00,user9@contoso.com,192.168.115.137,"London, UK",Success,Safari on Mac
2025-07-02 04:07:00,user4@contoso.com,192.168.43.176,"Berlin, DE",Success,Chrome on Windows
2025-07-02 02:16:00,user18@contoso.com,192.168.31.198,"Berlin, DE",Success,Safari on Mac
2025-07-01 10:41:00,user16@contoso.com,192.168.120.243,"Dublin, IE",Success,Edge on Windows
2025-07-01 13:54:00,user2@contoso.com,192.168.75.61,"Berlin, DE",Success,Chrome on Windows
2025-07-01 22:27:00,user7@contoso.com,192.168.98.64,"London, UK",Success,Chrome on Windows
2025-07-01 18:54:00,user14@contoso.com,192.168.103.75,"Dublin, IE",Success,Safari on Mac
2025-07-02 02:50:00,user3@contoso.com,192.168.44.198,"Berlin, DE",Success,Edge on Windows
2025-07-01 11:50:00,user9@contoso.com,192.168.234.6,"Berlin, DE",Success,Edge on Windows
2025-07-02 03:12:00,user5@contoso.com,192.168.75.51,"London, UK",Success,Chrome on Windows
2025-07-01 21:04:00,user10@contoso.com,192.168.176.210,"Dublin, IE",Success,Safari on Mac
2025-07-01 17:24:00,user16@contoso.com,192.168.242.19,"New York, USA",Success,Edge on Windows
2025-07-01 19:18:00,user5@contoso.com,192.168.205.19,"Berlin, DE",Success,Safari on Mac
2025-07-01 20:42:00,user8@contoso.com,192.168.25.243,"Dublin, IE",Success,Chrome on Windows
2025-07-02 00:46:00,user11@contoso.com,192.168.155.159,"Dublin, IE",Success,Safari on Mac
2025-07-01 23:07:00,user4@contoso.com,192.168.116.68,"Dublin, IE",Success,Edge on Windows
2025-07-01 23:04:00,user9@contoso.com,192.168.213.45,"New York, USA",Success,Chrome on Windows
2025-07-02 01:35:00,user14@contoso.com,192.168.248.191,"London, UK",Success,Chrome on Windows
2025-07-02 01:53:00,user3@contoso.com,192.168.159.206,"New York, USA",Success,Safari on Mac
2025-07-01 09:58:00,user1@contoso.com,192.168.88.98,"New York, USA",Success,Chrome on Windows
2025-07-01 14:47:00,user2@contoso.com,192.168.233.25,"Dublin, IE",Success,Edge on Windows
2025-07-02 07:15:00,user12@contoso.com,192.168.237.203,"London, UK",Success,Chrome on Windows
2025-07-01 14:03:00,user8@contoso.com,192.168.190.250,"Berlin, DE",Success,Edge on Windows
2025-07-01 16:49:00,user19@contoso.com,192.168.179.176,"New York, USA",Success,Safari on Mac
2025-07-01 09:41:00,user3@contoso.com,192.168.145.14,"Berlin, DE",Success,Chrome on Windows
2025-07-02 07:07:00,user19@contoso.com,192.168.109.113,"New York, USA",Success,Chrome on Windows
2025-07-02 00:10:00,user9@contoso.com,192.168.209.10,"London, UK",Success,Chrome on Windows
2025-07-01 16:36:00,sarah.johnson@contoso.com,192.168.88.4,"New York, USA",Success,Safari on Mac
2025-07-01 19:54:00,user10@contoso.com,192.168.140.216,"Berlin, DE",Success,Edge on Windows
2025-07-02 07:06:00,user9@contoso.com,192.168.111.238,"Dublin, IE",Success,Safari on Mac
2025-07-02 01:27:00,user20@contoso.com,192.168.203.52,"London, UK",Success,Safari on Mac
2025-07-02 00:26:00,user12@contoso.com,192.168.144.152,"London, UK",Success,Chrome on Windows
2025-07-01 16:54:00,user11@contoso.com,192.168.141.166,"Dublin, IE",Success,Safari on Mac
2025-07-02 01:39:00,sarah.johnson@contoso.com,192.168.152.96,"New York, USA",Success,Chrome on Windows
2025-07-01 08:52:00,user2@contoso.com,192.168.206.163,"New York, USA",Success,Safari on Mac
2025-07-01 21:48:00,user16@contoso.com,192.168.151.132,"Berlin, DE",Success,Edge on Windows
2025-07-02 07:25:00,user2@contoso.com,192.168.97.175,"New York, USA",Success,Safari on Mac
2025-07-01 13:48:00,sarah.johnson@contoso.com,192.168.243.183,"Dublin, IE",Success,Safari on Mac
2025-07-02 00:04:00,user18@contoso.com,192.168.92.150,"London, UK",Success,Chrome on Windows
2025-07-01 15:35:00,user9@contoso.com,192.168.93.171,"London, UK",Success,Edge on Windows
2025-07-01 20:41:00,user8@contoso.com,192.168.157.215,"Dublin, IE",Success,Edge on Windows
2025-07-02 00:03:00,user19@contoso.com,192.168.150.237,"London, UK",Success,Chrome on Windows
2025-07-02 01:04:00,sarah.johnson@contoso.com,192.168.36.241,"New York, USA",Success,Chrome on Windows
2025-07-01 13:08:00,user13@contoso.com,192.168.152.211,"London, UK",Success,Chrome on Windows
2025-07-01 12:53:00,user7@contoso.com,192.168.175.209,"Berlin, DE",Success,Edge on Windows
2025-07-02 05:32:00,user6@contoso.com,192.168.41.249,"Dublin, IE",Success,Chrome on Windows
2025-07-01 17:20:00,user11@contoso.com,192.168.29.2,"Berlin, DE",Success,Chrome on Windows
2025-07-01 12:25:00,user6@contoso.com,192.168.81.250,"London, UK",Success,Safari on Mac
2025-07-02 00:17:00,user14@contoso.com,192.168.219.206,"Berlin, DE",Success,Edge on Windows
2025-07-01 08:28:00,user1@contoso.com,192.168.19.102,"Dublin, IE",Success,Edge on Windows
2025-07-02 05:23:00,user17@contoso.com,192.168.97.9,"London, UK",Success,Safari on Mac
2025-07-01 12:24:00,user8@contoso.com,192.168.115.176,"Dublin, IE",Success,Chrome on Windows
2025-07-01 09:33:00,user13@contoso.com,192.168.156.85,"London, UK",Success,Edge on Windows
2025-07-02 07:26:00,user10@contoso.com,192.168.233.172,"Berlin, DE",Success,Chrome on Windows
2025-07-01 13:37:00,user11@contoso.com,192.168.250.183,"New York, USA",Success,Edge on Windows
2025-07-01 15:12:00,user1@contoso.com,192.168.116.114,"New York, USA",Success,Safari on Mac
2025-07-02 06:12:00,user1@contoso.com,192.168.86.63,"Dublin, IE",Success,Chrome on Windows
2025-07-02 06:35:00,user13@contoso.com,192.168.130.24,"London, UK",Success,Chrome on Windows
2025-07-01 22:13:00,sarah.johnson@contoso.com,192.168.10.24,"London, UK",Success,Edge on Windows
2025-07-02 07:57:00,user13@contoso.com,192.168.63.129,"Berlin, DE",Success,Chrome on Windows
2025-07-02 06:35:00,user7@contoso.com,192.168.4.154,"Berlin, DE",Success,Chrome on Windows
2025-07-01 11:34:00,user17@contoso.com,192.168.138.70,"Berlin, DE",Success,Safari on Mac
2025-07-01 11:37:00,user20@contoso.com,192.168.60.144,"London, UK",Success,Edge on Windows
2025-07-01 20:13:00,user7@contoso.com,192.168.102.134,"New York, USA",Success,Safari on Mac
2025-07-02 02:42:00,user14@contoso.com,192.168.151.82,"London, UK",Success,Edge on Windows
2025-07-01 08:05:00,user7@contoso.com,192.168.246.169,"New York, USA",Success,Chrome on Windows
2025-07-01 11:04:00,user3@contoso.com,192.168.56.252,"New York, USA",Success,Safari on Mac
2025-07-01 23:35:00,user3@contoso.com,192.168.51.131,"New York, USA",Success,Edge on Windows
2025-07-01 13:57:00,user9@contoso.com,192.168.237.25,"London, UK",Success,Chrome on Windows
2025-07-01 11:57:00,user10@contoso.com,192.168.184.160,"Berlin, DE",Success,Chrome on Windows
2025-07-01 19:13:00,user2@contoso.com,192.168.4.70,"New York, USA",Success,Edge on Windows
2025-07-01 19:41:00,user15@contoso.com,192.168.137.47,"Dublin, IE",Success,Chrome on Windows
2025-07-01 17:16:00,user4@contoso.com,192.168.205.204,"Berlin, DE",Success,Edge on Windows
2025-07-01 12:31:00,user16@contoso.com,192.168.215.85,"London, UK",Success,Safari on Mac
2025-07-02 04:09:00,user2@contoso.com,192.168.81.53,"Berlin, DE",Success,Edge on Windows
2025-07-01 20:14:00,user19@contoso.com,192.168.224.92,"Berlin, DE",Success,Safari on Mac
2025-07-01 11:51:00,user1@contoso.com,192.168.66.247,"Berlin, DE",Success,Edge on Windows
2025-07-02 06:21:00,user15@contoso.com,192.168.23.32,"Dublin, IE",Success,Edge on Windows
2025-07-01 22:46:00,user1@contoso.com,192.168.114.173,"London, UK",Success,Safari on Mac
2025-07-01 13:04:00,user8@contoso.com,192.168.246.177,"Berlin, DE",Success,Safari on Mac
2025-07-02 01:15:00,user20@contoso.com,192.168.27.5,"New York, USA",Success,Edge on Windows
2025-07-01 18:56:00,user16@contoso.com,192.168.84.38,"Berlin, DE",Success,Chrome on Windows
2025-07-02 02:47:00,user11@contoso.com,192.168.142.25,"New York, USA",Success,Safari on Mac
2025-07-01 23:40:00,user13@contoso.com,192.168.206.120,"London, UK",Success,Edge on Windows
2025-07-01 23:15:00,user19@contoso.com,192.168.229.45,"Berlin, DE",Success,Edge on Windows
2025-07-01 21:46:00,user4@contoso.com,192.168.254.9,"London, UK",Success,Edge on Windows
2025-07-02 01:21:00,user2@contoso.com,192.168.0.46,"Dublin, IE",Success,Safari on Mac
2025-07-01 09:51:00,user7@contoso.com,192.168.233.174,"Dublin, IE",Success,Chrome on Windows
2025-07-01 23:26:00,user15@contoso.com,192.168.169.242,"Dublin, IE",Success,Chrome on Windows
2025-07-01 20:07:00,user4@contoso.com,192.168.113.1,"Dublin, IE",Success,Safari on Mac
2025-07-01 13:36:00,user10@contoso.com,192.168.191.54,"London, UK",Success,Edge on Windows
2025-07-02 04:51:00,user5@contoso.com,192.168.209.54,"Dublin, IE",Success,Chrome on Windows
2025-07-01 23:36:00,user7@contoso.com,192.168.61.201,"New York, USA",Success,Chrome on Windows
2025-07-02 05:36:00,user11@contoso.com,192.168.55.212,"London, UK",Success,Safari on Mac
2025-07-02 06:28:00,user19@contoso.com,192.168.63.230,"Berlin, DE",Success,Safari on Mac
2025-07-02 02:06:00,user17@contoso.com,192.168.68.255,"London, UK",Success,Safari on Mac
2025-07-02 07:36:00,user2@contoso.com,192.168.221.247,"New York, USA",Success,Safari on Mac
2025-07-02 06:26:00,user6@contoso.com,192.168.65.53,"Berlin, DE",Success,Safari on Mac
2025-07-02 04:47:00,user20@contoso.com,192.168.164.196,"Berlin, DE",Success,Safari on Mac
2025-07-01 18:02:00,user8@contoso.com,192.168.140.203,"Dublin, IE",Success,Edge on Windows
2025-07-02 07:56:00,user5@contoso.com,192.168.70.211,"Dublin, IE",Success,Safari on Mac
2025-07-02 05:18:00,user11@contoso.com,192.168.111.102,"New York, USA",Success,Safari on Mac
2025-07-02 01:11:00,user10@contoso.com,192.168.176.67,"New York, USA",Success,Safari on Mac
2025-07-02 03:11:00,sarah.johnson@contoso.com,192.168.165.59,"Dublin, IE",Success,Edge on Windows
2025-07-01 08:26:00,user19@contoso.com,192.168.213.146,"Berlin, DE",Success,Safari on Mac
2025-07-01 09:48:00,user4@contoso.com,192.168.12.195,"New York, USA",Success,Safari on Mac
2025-07-01 17:46:00,user2@contoso.com,192.168.102.136,"New York, USA",Success,Safari on Mac
2025-07-01 14:57:00,user9@contoso.com,192.168.74.31,"Dublin, IE",Success,Safari on Mac
2025-07-02 05:01:00,user2@contoso.com,192.168.183.231,"London, UK",Success,Safari on Mac
2025-07-02 01:26:00,user18@contoso.com,192.168.114.199,"New York, USA",Success,Safari on Mac
2025-07-01 22:13:00,user10@contoso.com,192.168.24.195,"Berlin, DE",Success,Safari on Mac
2025-07-01 14:55:00,user11@contoso.com,192.168.27.6,"Dublin, IE",Success,Safari on Mac
2025-07-01 14:36:00,user15@contoso.com,192.168.115.188,"New York, USA",Success,Edge on Windows
2025-07-01 13:55:00,user15@contoso.com,192.168.90.38,"New York, USA",Success,Safari on Mac
2025-07-01 22:37:00,user17@contoso.com,192.168.61.193,"London, UK",Success,Edge on Windows
2025-07-02 03:56:00,user18@contoso.com,192.168.135.66,"New York, USA",Success,Edge on Windows
2025-07-01 09:21:00,user1@contoso.com,192.168.169.238,"New York, USA",Success,Chrome on Windows
2025-07-02 03:32:00,user11@contoso.com,192.168.26.154,"Berlin, DE",Success,Safari on Mac
2025-07-01 14:16:00,user12@contoso.com,192.168.37.162,"New York, USA",Success,Safari on Mac
2025-07-01 11:08:00,user3@contoso.com,192.168.81.212,"Berlin, DE",Success,Edge on Windows
2025-07-01 20:18:00,user8@contoso.com,192.168.109.169,"Dublin, IE",Success,Edge on Windows
2025-07-02 06:49:00,user7@contoso.com,192.168.243.4,"London, UK",Success,Edge on Windows
2025-07-02 07:17:00,user15@contoso.com,192.168.123.124,"London, UK",Success,Edge on Windows
2025-07-02 02:26:00,user13@contoso.com,192.168.58.197,"Dublin, IE",Success,Safari on Mac
2025-07-02 00:36:00,user10@contoso.com,192.168.12.191,"Berlin, DE",Success,Chrome on Windows
2025-07-01 11:16:00,user10@contoso.com,192.168.98.164,"London, UK",Success,Chrome on Windows
2025-07-02 06:52:00,user18@contoso.com,192.168.3.33,"New York, USA",Success,Safari on Mac
2025-07-02 02:21:00,user7@contoso.com,192.168.217.53,"New York, USA",Success,Safari on Mac
2025-07-01 23:40:00,user14@contoso.com,192.168.36.78,"London, UK",Success,Safari on Mac
2025-07-01 09:51:00,user11@contoso.com,192.168.19.44,"London, UK",Success,Chrome on Windows
2025-07-01 21:54:00,user9@contoso.com,192.168.36.116,"Dublin, IE",Success,Edge on Windows
2025-07-01 08:34:00,user15@contoso.com,192.168.207.221,"Dublin, IE",Success,Edge on Windows
2025-07-02 07:55:00,user4@contoso.com,192.168.3.32,"London, UK",Success,Chrome on Windows
2025-07-02 04:42:00,user12@contoso.com,192.168.54.148,"Dublin, IE",Success,Chrome on Windows
2025-07-02 06:33:00,user10@contoso.com,192.168.224.195,"Berlin, DE",Success,Chrome on Windows
2025-07-01 21:20:00,user16@contoso.com,192.168.80.112,"New York, USA",Success,Safari on Mac
2025-07-01 08:22:00,user10@contoso.com,192.168.73.152,"Dublin, IE",Success,Safari on Mac
2025-07-01 08:10:00,user18@contoso.com,192.168.72.63,"London, UK",Success,Safari on Mac
2025-07-01 15:10:00,user20@contoso.com,192.168.201.43,"Dublin, IE",Success,Safari on Mac
2025-07-01 13:29:00,user12@contoso.com,192.168.108.211,"New York, USA",Success,Chrome on Windows
2025-07-01 14:11:00,user8@contoso.com,192.168.129.99,"London, UK",Success,Safari on Mac
2025-07-01 17:55:00,user19@contoso.com,192.168.27.236,"London, UK",Success,Safari on Mac
2025-07-02 03:49:00,user3@contoso.com,192.168.128.50,"New York, USA",Success,Edge on Windows
2025-07-01 11:24:00,user11@contoso.com,192.168.182.65,"New York, USA",Success,Edge on Windows
2025-07-02 00:35:00,user20@contoso.com,192.168.35.99,"Dublin, IE",Success,Edge on Windows
2025-07-01 18:47:00,user11@contoso.com,192.168.156.78,"Dublin, IE",Success,Edge on Windows
2025-07-01 15:33:00,user6@contoso.com,192.168.2.160,"New York, USA",Success,Safari on Mac
2025-07-01 12:35:00,sarah.johnson@contoso.com,192.168.223.141,"Dublin, IE",Success,Safari on Mac
2025-07-01 20:14:00,user11@contoso.com,192.168.245.236,"Berlin, DE",Success,Edge on Windows
2025-07-01 17:34:00,user16@contoso.com,192.168.55.89,"London, UK",Success,Chrome on Windows
2025-07-01 10:34:00,user18@contoso.com,192.168.100.134,"London, UK",Success,Chrome on Windows
2025-07-01 09:15:00,user17@contoso.com,192.168.15.207,"New York, USA",Success,Safari on Mac
2025-07-01 21:23:00,user9@contoso.com,192.168.241.76,"Dublin, IE",Success,Chrome on Windows
2025-07-02 01:06:00,user19@contoso.com,192.168.148.68,"Berlin, DE",Success,Safari on Mac
2025-07-02 06:37:00,user3@contoso.com,192.168.203.186,"London, UK",Success,Chrome on Windows
2025-07-01 13:26:00,user20@contoso.com,192.168.84.71,"Berlin, DE",Success,Chrome on Windows
2025-07-01 09:22:00,user19@contoso.com,192.168.74.247,"Dublin, IE",Success,Chrome on Windows
2025-07-01 20:36:00,user16@contoso.com,192.168.118.32,"Dublin, IE",Success,Chrome on Windows
2025-07-02 00:01:00,user2@contoso.com,192.168.105.184,"Berlin, DE",Success,Edge on Windows
2025-07-02 01:47:00,user2@contoso.com,192.168.20.165,"London, UK",Success,Safari on Mac
2025-07-02 06:18:00,user9@contoso.com,192.168.134.89,"Berlin, DE",Success,Edge on Windows
2025-07-01 15:36:00,user12@contoso.com,192.168.39.128,"Berlin, DE",Success,Safari on Mac
2025-07-02 00:27:00,user13@contoso.com,192.168.180.176,"Berlin, DE",Success,Safari on Mac
2025-07-01 15:51:00,user1@contoso.com,192.168.71.225,"New York, USA",Success,Chrome on Windows
2025-07-01 14:22:00,user17@contoso.com,192.168.143.108,"New York, USA",Success,Chrome on Windows
2025-07-01 19:16:00,user12@contoso.com,192.168.60.117,"Berlin, DE",Success,Safari on Mac
2025-07-01 15:11:00,user4@contoso.com,192.168.246.245,"Berlin, DE",Success,Safari on Mac
2025-07-01 09:28:00,user6@contoso.com,192.168.210.11,"New York, USA",Success,Chrome on Windows
2025-07-02 03:32:00,user19@contoso.com,192.168.82.68,"London, UK",Success,Chrome on Windows
2025-07-02 01:38:00,user2@contoso.com,192.168.85.132,"New York, USA",Success,Edge on Windows
2025-07-01 15:23:00,user20@contoso.com,192.168.9.145,"London, UK",Success,Edge on Windows
2025-07-01 15:29:00,user20@contoso.com,192.168.241.246,"New York, USA",Success,Edge on Windows
2025-07-01 13:43:00,user20@contoso.com,192.168.73.93,"Dublin, IE",Success,Safari on Mac
2025-07-01 20:54:00,user11@contoso.com,192.168.232.35,"New York, USA",Success,Edge on Windows
2025-07-02 01:50:00,user5@contoso.com,192.168.55.8,"New York, USA",Success,Safari on Mac
2025-07-02 00:14:00,user14@contoso.com,192.168.76.49,"New York, USA",Success,Safari on Mac
2025-07-02 00:27:00,user20@contoso.com,192.168.19.60,"London, UK",Success,Safari on Mac
2025-07-01 20:38:00,user5@contoso.com,192.168.0.220,"Berlin, DE",Success,Chrome on Windows
2025-07-01 21:00:00,user17@contoso.com,192.168.219.117,"Berlin, DE",Success,Edge on Windows
2025-07-01 16:41:00,user19@contoso.com,192.168.50.217,"New York, USA",Success,Edge on Windows
2025-07-01 16:47:00,user8@contoso.com,192.168.42.145,"Berlin, DE",Success,Chrome on Windows
2025-07-01 20:48:00,user1@contoso.com,192.168.3.60,"London, UK",Success,Safari on Mac
2025-07-01 11:38:00,user7@contoso.com,192.168.161.209,"Dublin, IE",Success,Chrome on Windows
2025-07-02 03:16:00,user14@contoso.com,192.168.129.133,"Berlin, DE",Success,Edge on Windows
2025-07-01 22:06:00,user20@contoso.com,192.168.141.203,"New York, USA",Success,Safari on Mac
2025-07-02 03:05:00,user18@contoso.com,192.168.247.91,"Dublin, IE",Success,Safari on Mac
2025-07-01 21:35:00,user16@contoso.com,192.168.129.157,"Dublin, IE",Success,Safari on Mac
2025-07-02 07:52:00,user5@contoso.com,192.168.60.117,"Berlin, DE",Success,Chrome on Windows
2025-07-02 02:47:00,user4@contoso.com,192.168.109.205,"Dublin, IE",Success,Safari on Mac
2025-07-01 11:06:00,user2@contoso.com,192.168.82.199,"London, UK",Success,Chrome on Windows
2025-07-01 16:58:00,user16@contoso.com,192.168.222.45,"London, UK",Success,Chrome on Windows
2025-07-01 21:40:00,user12@contoso.com,192.168.40.19,"Berlin, DE",Success,Safari on Mac
2025-07-02 05:51:00,sarah.johnson@contoso.com,192.168.146.29,"New York, USA",Success,Edge on Windows
2025-07-01 14:38:00,user15@contoso.com,192.168.5.103,"Dublin, IE",Success,Chrome on Windows
2025-07-01 20:16:00,user20@contoso.com,192.168.118.86,"London, UK",Success,Chrome on Windows
2025-07-01 17:25:00,sarah.johnson@contoso.com,192.168.0.80,"London, UK",Success,Edge on Windows
2025-07-02 01:40:00,user12@contoso.com,192.168.202.207,"New York, USA",Success,Chrome on Windows
2025-07-01 19:51:00,user3@contoso.com,192.168.46.145,"Dublin, IE",Success,Edge on Windows
2025-07-02 03:37:00,user8@contoso.com,192.168.99.232,"Berlin, DE",Success,Chrome on Windows
2025-07-02 03:04:00,user9@contoso.com,192.168.89.208,"London, UK",Success,Chrome on Windows
2025-07-02 01:31:00,user17@contoso.com,192.168.150.174,"London, UK",Success,Edge on Windows
2025-07-02 03:13:00,user18@contoso.com,192.168.128.226,"Berlin, DE",Success,Edge on Windows
2025-07-02 04:01:00,user8@contoso.com,192.168.173.234,"Berlin, DE",Success,Chrome on Windows
2025-07-01 21:03:00,user16@contoso.com,192.168.59.132,"London, UK",Success,Safari on Mac
2025-07-01 20:03:00,user8@contoso.com,192.168.117.161,"Berlin, DE",Success,Safari on Mac
2025-07-01 17:48:00,user18@contoso.com,192.168.4.134,"New York, USA",Success,Chrome on Windows
2025-07-02 00:15:00,user13@contoso.com,192.168.175.38,"New York, USA",Success,Edge on Windows
2025-07-02 07:19:00,user12@contoso.com,192.168.111.137,"New York, USA",Success,Chrome on Windows
2025-07-01 17:03:00,user16@contoso.com,192.168.102.120,"New York, USA",Success,Chrome on Windows
2025-07-01 13:19:00,user8@contoso.com,192.168.103.127,"Dublin, IE",Success,Chrome on Windows
2025-07-02 02:28:00,user4@contoso.com,192.168.40.252,"London, UK",Success,Chrome on Windows
2025-07-02 03:36:00,user16@contoso.com,192.168.190.161,"Berlin, DE",Success,Edge on Windows
2025-07-01 15:34:00,user16@contoso.com,192.168.93.143,"Berlin, DE",Success,Safari on Mac
2025-07-02 02:27:00,user5@contoso.com,192.168.27.216,"Berlin, DE",Success,Chrome on Windows
2025-07-01 23:36:00,user17@contoso.com,192.168.177.201,"New York, USA",Success,Chrome on Windows
2025-07-01 08:24:00,user17@contoso.com,192.168.235.161,"London, UK",Success,Safari on Mac
2025-07-01 20:20:00,user7@contoso.com,192.168.194.51,"Dublin, IE",Success,Safari on Mac
2025-07-01 17:11:00,user9@contoso.com,192.168.95.134,"New York, USA",Success,Edge on Windows
2025-07-02 01:01:00,user20@contoso.com,192.168.175.187,"New York, USA",Success,Edge on Windows
2025-07-01 21:40:00,user7@contoso.com,192.168.214.190,"Dublin, IE",Success,Edge on Windows
2025-07-01 11:24:00,user15@contoso.com,192.168.92.67,"New York, USA",Success,Safari on Mac
2025-07-01 14:41:00,user9@contoso.com,192.168.120.221,"Berlin, DE",Success,Chrome on Windows
2025-07-01 22:23:00,user5@contoso.com,192.168.242.4,"New York, USA",Success,Edge on Windows
2025-07-01 16:33:00,user5@contoso.com,192.168.161.249,"Dublin, IE",Success,Safari on Mac
2025-07-02 07:34:00,user19@contoso.com,192.168.24.203,"London, UK",Success,Chrome on Windows
2025-07-02 05:29:00,user2@contoso.com,192.168.110.130,"Berlin, DE",Success,Chrome on Windows
2025-07-01 20:17:00,user15@contoso.com,192.168.171.133,"Dublin, IE",Success,Safari on Mac
2025-07-01 22:03:00,user18@contoso.com,192.168.131.176,"London, UK",Success,Chrome on Windows
2025-07-01 20:07:00,user12@contoso.com,192.168.101.89,"Dublin, IE",Success,Edge on Windows
2025-07-01 21:00:00,user17@contoso.com,192.168.249.228,"London, UK",Success,Safari on Mac
2025-07-02 05:51:00,user10@contoso.com,192.168.237.74,"New York, USA",Success,Edge on Windows
2025-07-01 13:31:00,user14@contoso.com,192.168.207.36,"London, UK",Success,Edge on Windows
2025-07-01 17:07:00,user8@contoso.com,192.168.160.162,"Dublin, IE",Success,Safari on Mac
2025-07-01 20:23:00,sarah.johnson@contoso.com,192.168.202.138,"Berlin, DE",Success,Safari on Mac
2025-07-01 14:16:00,user19@contoso.com,192.168.230.211,"New York, USA",Success,Chrome on Windows
2025-07-01 15:11:00,user5@contoso.com,192.168.120.128,"London, UK",Success,Chrome on Windows
2025-07-02 00:09:00,user13@contoso.com,192.168.52.48,"London, UK",Success,Safari on Mac
2025-07-01 11:32:00,user2@contoso.com,192.168.13.203,"London, UK",Success,Edge on Windows
2025-07-01 18:33:00,user20@contoso.com,192.168.79.43,"Berlin, DE",Success,Chrome on Windows
2025-07-01 12:28:00,user8@contoso.com,192.168.145.226,"New York, USA",Success,Safari on Mac
2025-07-01 19:06:00,user6@contoso.com,192.168.14.17,"Dublin, IE",Success,Edge on Windows
2025-07-02 07:48:00,user15@contoso.com,192.168.139.227,"New York, USA",Success,Safari on Mac
2025-07-01 19:51:00,user6@contoso.com,192.168.233.222,"Dublin, IE",Success,Edge on Windows
2025-07-01 18:30:00,user18@contoso.com,192.168.116.45,"Berlin, DE",Success,Edge on Windows
2025-07-01 08:21:00,user14@contoso.com,192.168.133.79,"Dublin, IE",Success,Chrome on Windows
2025-07-02 00:00:00,user17@contoso.com,192.168.69.176,"Dublin, IE",Success,Safari on Mac
2025-07-01 08:18:00,user1@contoso.com,192.168.251.244,"Dublin, IE",Success,Edge on Windows
2025-07-01 14:26:00,user10@contoso.com,192.168.118.3,"Dublin, IE",Success,Edge on Windows
2025-07-01 13:34:00,user18@contoso.com,192.168.223.202,"New York, USA",Success,Safari on Mac
2025-07-01 16:58:00,sarah.johnson@contoso.com,192.168.199.193,"New York, USA",Success,Chrome on Windows
2025-07-02 06:08:00,user14@contoso.com,192.168.122.139,"Dublin, IE",Success,Safari on Mac
2025-07-01 10:20:00,user18@contoso.com,192.168.137.211,"New York, USA",Success,Chrome on Windows
2025-07-02 05:05:00,user5@contoso.com,192.168.148.56,"Berlin, DE",Success,Edge on Windows
2025-07-01 08:39:00,user9@contoso.com,192.168.251.96,"Dublin, IE",Success,Chrome on Windows
2025-07-01 17:37:00,user2@contoso.com,192.168.11.95,"London, UK",Success,Edge on Windows
2025-07-01 11:04:00,user5@contoso.com,192.168.224.4,"New York, USA",Success,Chrome on Windows
2025-07-01 22:20:00,user1@contoso.com,192.168.252.111,"Dublin, IE",Success,Edge on Windows
2025-07-01 19:16:00,user16@contoso.com,192.168.190.237,"London, UK",Success,Chrome on Windows
2025-07-01 10:26:00,user5@contoso.com,192.168.28.136,"Berlin, DE",Success,Safari on Mac
2025-07-01 21:01:00,user16@contoso.com,192.168.92.98,"Dublin, IE",Success,Chrome on Windows
2025-07-01 16:26:00,user4@contoso.com,192.168.127.197,"Berlin, DE",Success,Safari on Mac
2025-07-02 01:47:00,user2@contoso.com,192.168.101.235,"London, UK",Success,Safari on Mac
2025-07-01 19:01:00,user7@contoso.com,192.168.242.199,"Dublin, IE",Success,Chrome on Windows
2025-07-02 00:25:00,sarah.johnson@contoso.com,192.168.21.62,"Dublin, IE",Success,Safari on Mac
2025-07-02 06:45:00,user10@contoso.com,192.168.101.184,"London, UK",Success,Chrome on Windows
2025-07-01 08:30:00,user4@contoso.com,192.168.120.222,"Dublin, IE",Success,Chrome on Windows
2025-07-01 08:18:00,user9@contoso.com,192.168.61.202,"New York, USA",Success,Chrome on Windows
2025-07-01 11:03:00,user19@contoso.com,192.168.243.79,"Dublin, IE",Success,Chrome on Windows
2025-07-02 05:20:00,user6@contoso.com,192.168.255.46,"Dublin, IE",Success,Chrome on Windows
2025-07-01 12:17:00,user2@contoso.com,192.168.182.78,"London, UK",Success,Edge on Windows
2025-07-01 14:35:00,user8@contoso.com,192.168.162.177,"Berlin, DE",Success,Chrome on Windows
2025-07-01 09:20:00,user13@contoso.com,192.168.183.68,"Dublin, IE",Success,Edge on Windows
2025-07-02 03:20:00,user15@contoso.com,192.168.150.250,"New York, USA",Success,Chrome on Windows
2025-07-01 17:23:00,user18@contoso.com,192.168.178.165,"Berlin, DE",Success,Safari on Mac
2025-07-01 23:20:00,user18@contoso.com,192.168.82.35,"New York, USA",Success,Edge on Windows
2025-07-02 05:46:00,user9@contoso.com,192.168.187.232,"London, UK",Success,Safari on Mac
2025-07-02 05:10:00,user13@contoso.com,192.168.94.9,"Dublin, IE",Success,Chrome on Windows
2025-07-02 01:53:00,user11@contoso.com,192.168.32.198,"New York, USA",Success,Safari on Mac
2025-07-01 21:59:00,user16@contoso.com,192.168.78.144,"Dublin, IE",Success,Safari on Mac
2025-07-01 09:29:00,user11@contoso.com,192.168.56.49,"London, UK",Success,Chrome on Windows
2025-07-02 00:34:00,user6@contoso.com,192.168.16.103,"London, UK",Success,Chrome on Windows
2025-07-02 01:56:00,user4@contoso.com,192.168.16.198,"Berlin, DE",Success,Safari on Mac
2025-07-01 15:32:00,user19@contoso.com,192.168.131.25,"Dublin, IE",Success,Safari on Mac
2025-07-01 10:43:00,user3@contoso.com,192.168.6.106,"Berlin, DE",Success,Edge on Windows
2025-07-01 20:35:00,sarah.johnson@contoso.com,192.168.31.184,"Berlin, DE",Success,Safari on Mac
2025-07-01 18:22:00,user2@contoso.com,192.168.136.20,"London, UK",Success,Chrome on Windows
2025-07-02 02:08:00,user7@contoso.com,192.168.49.51,"New York, USA",Success,Edge on Windows
2025-07-02 03:03:00,user7@contoso.com,192.168.98.127,"New York, USA",Success,Safari on Mac
2025-07-02 07:01:00,user18@contoso.com,192.168.212.54,"Dublin, IE",Success,Edge on Windows
2025-07-02 02:46:00,user14@contoso.com,192.168.53.85,"New York, USA",Success,Edge on Windows
2025-07-01 20:01:00,user17@contoso.com,192.168.172.80,"Berlin, DE",Success,Edge on Windows
2025-07-02 05:36:00,user18@contoso.com,192.168.166.190,"Berlin, DE",Success,Edge on Windows
2025-07-02 02:46:00,user11@contoso.com,192.168.123.109,"Berlin, DE",Success,Safari on Mac
2025-07-01 21:33:00,user9@contoso.com,192.168.184.231,"Berlin, DE",Success,Chrome on Windows
2025-07-01 18:18:00,user2@contoso.com,192.168.145.8,"New York, USA",Success,Chrome on Windows
2025-07-01 08:44:00,user10@contoso.com,192.168.113.109,"Dublin, IE",Success,Safari on Mac
2025-07-01 23:42:00,user9@contoso.com,192.168.79.48,"London, UK",Success,Edge on Windows
2025-07-02 03:52:00,user5@contoso.com,192.168.70.135,"Dublin, IE",Success,Chrome on Windows
2025-07-02 03:28:00,user8@contoso.com,192.168.131.153,"London, UK",Success,Edge on Windows
2025-07-02 00:28:00,user19@contoso.com,192.168.111.39,"Dublin, IE",Success,Chrome on Windows
2025-07-02 03:40:00,user16@contoso.com,192.168.48.153,"London, UK",Success,Edge on Windows
2025-07-01 22:49:00,user3@contoso.com,192.168.28.171,"Dublin, IE",Success,Edge on Windows
2025-07-01 09:50:00,user4@contoso.com,192.168.116.5,"Berlin, DE",Success,Edge on Windows
2025-07-01 19:09:00,user17@contoso.com,192.168.21.163,"New York, USA",Success,Safari on Mac
2025-07-01 23:12:00,user8@contoso.com,192.168.78.25,"Berlin, DE",Success,Safari on Mac
2025-07-01 17:53:00,user19@contoso.com,192.168.46.113,"Berlin, DE",Success,Edge on Windows
2025-07-02 00:14:00,user5@contoso.com,192.168.67.172,"London, UK",Success,Safari on Mac
2025-07-01 21:36:00,user2@contoso.com,192.168.204.134,"London, UK",Success,Safari on Mac
2025-07-02 03:05:00,user14@contoso.com,192.168.66.69,"Berlin, DE",Success,Chrome on Windows
2025-07-01 16:16:00,user16@contoso.com,192.168.202.100,"New York, USA",Success,Chrome on Windows
2025-07-01 11:50:00,user9@contoso.com,192.168.220.165,"London, UK",Success,Safari on Mac
2025-07-01 14:30:00,user14@contoso.com,192.168.216.187,"Dublin, IE",Success,Edge on Windows
2025-07-01 19:56:00,user12@contoso.com,192.168.12.156,"New York, USA",Success,Safari on Mac
2025-07-01 15:58:00,user15@contoso.com,192.168.74.225,"London, UK",Success,Chrome on Windows
2025-07-01 09:51:00,user12@contoso.com,192.168.79.43,"London, UK",Success,Chrome on Windows
2025-07-01 19:43:00,user20@contoso.com,192.168.75.147,"London, UK",Success,Safari on Mac
2025-07-01 08:46:00,user4@contoso.com,192.168.156.230,"Berlin, DE",Success,Edge on Windows
2025-07-02 02:43:00,user7@contoso.com,192.168.108.104,"Dublin, IE",Success,Edge on Windows
2025-07-02 03:53:00,user20@contoso.com,192.168.72.9,"Berlin, DE",Success,Safari on Mac
2025-07-01 10:03:00,user17@contoso.com,192.168.22.130,"New York, USA",Success,Edge on Windows
2025-07-02 06:20:00,user7@contoso.com,192.168.138.27,"Berlin, DE",Success,Chrome on Windows
2025-07-01 11:40:00,user3@contoso.com,192.168.198.138,"Dublin, IE",Success,Chrome on Windows
2025-07-02 01:21:00,user10@contoso.com,192.168.197.118,"Berlin, DE",Success,Safari on Mac
2025-07-01 14:21:00,user4@contoso.com,192.168.161.248,"London, UK",Success,Chrome on Windows
2025-07-01 16:26:00,user17@contoso.com,192.168.234.11,"London, UK",Success,Safari on Mac
2025-07-01 13:21:00,user10@contoso.com,192.168.170.250,"Berlin, DE",Success,Chrome on Windows
2025-07-01 16:03:00,user12@contoso.com,192.168.180.181,"Dublin, IE",Success,Safari on Mac
2025-07-01 09:00:00,user9@contoso.com,192.168.31.131,"Berlin, DE",Success,Safari on Mac
2025-07-01 21:24:00,user9@contoso.com,192.168.115.77,"Dublin, IE",Success,Safari on Mac
2025-07-01 22:14:00,user5@contoso.com,192.168.44.195,"New York, USA",Success,Chrome on Windows
2025-07-02 04:39:00,user19@contoso.com,192.168.78.218,"Dublin, IE",Success,Edge on Windows
2025-07-02 03:49:00,user15@contoso.com,192.168.67.105,"New York, USA",Success,Safari on Mac
2025-07-01 22:40:00,user7@contoso.com,192.168.70.158,"New York, USA",Success,Chrome on Windows
2025-07-02 03:01:00,sarah.johnson@contoso.com,192.168.80.162,"London, UK",Success,Safari on Mac
2025-07-01 09:00:00,user4@contoso.com,192.168.94.162,"New York, USA",Success,Edge on Windows
2025-07-02 05:44:00,user14@contoso.com,192.168.210.155,"Berlin, DE",Success,Safari on Mac
2025-07-01 12:29:00,user9@contoso.com,192.168.77.96,"London, UK",Success,Chrome on Windows
2025-07-01 15:52:00,user1@contoso.com,192.168.136.118,"New York, USA",Success,Safari on Mac
2025-07-01 12:34:00,user1@contoso.com,192.168.183.40,"Berlin, DE",Success,Safari on Mac
2025-07-01 21:13:00,user20@contoso.com,192.168.240.191,"New York, USA",Success,Edge on Windows
2025-07-01 15:43:00,user16@contoso.com,192.168.70.83,"New York, USA",Success,Chrome on Windows
2025-07-01 15:35:00,user14@contoso.com,192.168.7.138,"Berlin, DE",Success,Safari on Mac
2025-07-01 22:59:00,user7@contoso.com,192.168.104.33,"New York, USA",Success,Safari on Mac
2025-07-01 22:35:00,user16@contoso.com,192.168.166.234,"New York, USA",Success,Edge on Windows
2025-07-02 04:52:00,user2@contoso.com,192.168.194.160,"Berlin, DE",Success,Safari on Mac
2025-07-01 23:35:00,user19@contoso.com,192.168.19.55,"Berlin, DE",Success,Chrome on Windows
2025-07-02 01:37:00,user8@contoso.com,192.168.202.20,"Berlin, DE",Success,Safari on Mac
2025-07-01 21:35:00,user2@contoso.com,192.168.97.149,"Berlin, DE",Success,Edge on Windows
2025-07-01 18:02:00,user10@contoso.com,192.168.236.85,"Berlin, DE",Success,Safari on Mac
2025-07-01 11:05:00,user2@contoso.com,192.168.72.237,"Berlin, DE",Success,Safari on Mac
2025-07-01 21:25:00,user17@contoso.com,192.168.57.92,"New York, USA",Success,Edge on Windows
2025-07-01 23:29:00,user11@contoso.com,192.168.230.12,"New York, USA",Success,Safari on Mac
2025-07-01 19:03:00,user7@contoso.com,192.168.232.46,"Dublin, IE",Success,Safari on Mac
2025-07-01 11:53:00,sarah.johnson@contoso.com,192.168.83.63,"London, UK",Success,Safari on Mac
2025-07-02 01:27:00,user15@contoso.com,192.168.185.43,"Berlin, DE",Success,Safari on Mac
2025-07-01 13:49:00,user6@contoso.com,192.168.193.194,"London, UK",Success,Edge on Windows
2025-07-01 14:06:00,user19@contoso.com,192.168.76.83,"New York, USA",Success,Safari on Mac
2025-07-01 23:13:00,user2@contoso.com,192.168.214.157,"Dublin, IE",Success,Edge on Windows
2025-07-01 14:55:00,sarah.johnson@contoso.com,192.168.92.60,"New York, USA",Success,Chrome on Windows
2025-07-02 00:59:00,user20@contoso.com,192.168.129.6,"Berlin, DE",Success,Edge on Windows
2025-07-01 15:24:00,user18@contoso.com,192.168.2.252,"New York, USA",Success,Safari on Mac
2025-07-01 10:42:00,user16@contoso.com,192.168.232.209,"Berlin, DE",Success,Safari on Mac
2025-07-02 05:09:00,user20@contoso.com,192.168.3.125,"Dublin, IE",Success,Safari on Mac
2025-07-01 13:03:00,user18@contoso.com,192.168.106.25,"New York, USA",Success,Chrome on Windows
2025-07-01 09:06:00,sarah.johnson@contoso.com,192.168.178.18,"New York, USA",Success,Safari on Mac
2025-07-01 09:40:00,user19@contoso.com,192.168.152.169,"London, UK",Success,Chrome on Windows
2025-07-02 04:51:00,user14@contoso.com,192.168.91.82,"Dublin, IE",Success,Safari on Mac
2025-07-01 09:13:00,user20@contoso.com,192.168.90.233,"Dublin, IE",Success,Chrome on Windows
2025-07-01 10:18:00,user10@contoso.com,192.168.165.188,"Berlin, DE",Success,Edge on Windows
2025-07-01 12:35:00,user18@contoso.com,192.168.33.149,"Berlin, DE",Success,Chrome on Windows
2025-07-02 07:45:00,user9@contoso.com,192.168.168.211,"New York, USA",Success,Chrome on Windows
2025-07-02 00:30:00,user20@contoso.com,192.168.29.55,"London, UK",Success,Safari on Mac
2025-07-01 16:51:00,user20@contoso.com,192.168.147.218,"Dublin, IE",Success,Safari on Mac
2025-07-02 01:44:00,user19@contoso.com,192.168.181.66,"Berlin, DE",Success,Safari on Mac
2025-07-02 04:48:00,sarah.johnson@contoso.com,192.168.254.252,"New York, USA",Success,Chrome on Windows
2025-07-01 08:49:00,user10@contoso.com,192.168.99.0,"London, UK",Success,Edge on Windows
2025-07-01 22:07:00,sarah.johnson@contoso.com,192.168.60.106,"Berlin, DE",Success,Chrome on Windows
2025-07-02 05:51:00,user11@contoso.com,192.168.179.108,"London, UK",Success,Chrome on Windows
2025-07-01 18:14:00,user10@contoso.com,192.168.130.34,"Dublin, IE",Success,Safari on Mac
2025-07-02 07:24:00,user18@contoso.com,192.168.165.3,"London, UK",Success,Edge on Windows
2025-07-01 14:37:00,user11@contoso.com,192.168.202.14,"New York, USA",Success,Edge on Windows
2025-07-02 06:02:00,user11@contoso.com,192.168.245.242,"London, UK",Success,Chrome on Windows
2025-07-01 23:47:00,user16@contoso.com,192.168.79.235,"Dublin, IE",Success,Edge on Windows
2025-07-01 15:06:00,user2@contoso.com,192.168.153.161,"London, UK",Success,Safari on Mac
2025-07-01 17:34:00,user11@contoso.com,192.168.181.33,"New York, USA",Success,Chrome on Windows
2025-07-01 14:23:00,user11@contoso.com,192.168.192.84,"Berlin, DE",Success,Safari on Mac
2025-07-01 17:16:00,user4@contoso.com,192.168.157.161,"London, UK",Success,Edge on Windows
2025-07-01 23:25:00,user3@contoso.com,192.168.254.121,"Dublin, IE",Success,Edge on Windows
2025-07-01 20:46:00,user7@contoso.com,192.168.154.89,"London, UK",Success,Chrome on Windows
2025-07-02 00:28:00,user7@contoso.com,192.168.47.227,"London, UK",Success,Safari on Mac
2025-07-02 01:52:00,user5@contoso.com,192.168.97.174,"Berlin, DE",Success,Edge on Windows
2025-07-01 15:00:00,user11@contoso.com,192.168.73.50,"New York, USA",Success,Safari on Mac
2025-07-01 08:08:00,user2@contoso.com,192.168.235.198,"London, UK",Success,Edge on Windows
2025-07-01 09:34:00,user2@contoso.com,192.168.44.170,"Berlin, DE",Success,Chrome on Windows
2025-07-02 05:48:00,user17@contoso.com,192.168.159.11,"Dublin, IE",Success,Chrome on Windows
2025-07-01 17:26:00,user11@contoso.com,192.168.102.98,"Dublin, IE",Success,Safari on Mac
2025-07-01 13:05:00,user11@contoso.com,192.168.225.60,"Dublin, IE",Success,Chrome on Windows
2025-07-01 15:03:00,user9@contoso.com,192.168.58.7,"London, UK",Success,Safari on Mac
2025-07-01 17:40:00,user12@contoso.com,192.168.163.138,"New York, USA",Success,Safari on Mac
2025-07-02 04:55:00,user8@contoso.com,192.168.87.36,"Dublin, IE",Success,Edge on Windows
2025-07-01 08:59:00,user18@contoso.com,192.168.227.25,"New York, USA",Success,Edge on Windows
2025-07-01 10:56:00,user2@contoso.com,192.168.54.196,"London, UK",Success,Edge on Windows
2025-07-01 14:40:00,sarah.johnson@contoso.com,92.63.194.12,"Moscow, Russia",Success,Chrome on Windows
